contest_id,family,doc_type,url,file_path,sha256,bytes,http_status,ok,error,downloaded_at
CACD_2003,archive,provas_pacote,https://archive.org/download/DiplomataCESPE2014/Diplomata_CESPE_2003.zip,data\raw\CACD_2003\archive\provas_pacote__b5e22a9d.zip,68a8422bb23c9f6a40313f7ec37dd9d1949431655584865a5fe2cfe8a2be96fe,661692,200,1,,2026-10-06T14:00:00.957288+00:00
CACD_2004,archive,provas_pacote,https://archive.org/download/DiplomataCESPE2014/Diplomata_CESPE_2004.zip,data\raw\CACD_2004\archive\provas_pacote__844b12e5.zip,aac55398432f653a54080252384f9dc0073493f1b89bc250d5f1d20685b28c06,497108,200,1,,2026-10-06T14:00:08.164440+00:00
CACD_2005,archive,provas_pacote,https://archive.org/download/DiplomataCESPE2014/Diplomata_CESPE_2005.zip,data\raw\CACD_2005\archive\provas_pacote__98753a46.zip,de68861ff8c9013d6c6771e83dd77b214616c51dbf1fefdbc4e6490eebb5f817,234952,200,1,,2026-10-06T14:00:16.592515+00:00
CACD_2006,archive,provas_pacote,https://archive.org/download/DiplomataCESPE2014/Diplomata_CESPE_2006.zip,data\raw\CACD_2006\archive\provas_pacote__cebe90cd.zip,8d827576a7243d0877b001cb6ec87954cbc6b4e7c8d1b7ca13c3f05f9fa71dca,517695,200,1,,2026-10-06T14:00:21.102056+00:00
CACD_2007,archive,provas_pacote,https://archive.org/download/DiplomataCESPE2014/Diplomata_CESPE_2007.zip,data\raw\CACD_2007\archive\provas_pacote__24e2802e.zip,be088c5ea6cc20eb821223792ddf75921388e4790754fafa20f55372cef60d5e,832321,200,1,,2026-10-06T14:00:25.542324+00:00
CACD_2008,archive,provas_pacote,https://archive.org/download/DiplomataCESPE2014/Diplomata_CESPE_2008.zip,data\raw\CACD_2008\archive\provas_pacote__fdce77f4.zip,3418e0e04eff3a761c553d52c6bf312388e18e2459f09280440dfb0923f290ae,935112,200,1,,2026-10-06T14:00:29.891750+00:00
CACD_2009,archive,provas_pacote,https://archive.org/download/DiplomataCESPE2014/Diplomata_CESPE_2009.zip,data\raw\CACD_2009\archive\provas_pacote__56d0a7d2.zip,ebc858087b918195ad610bf15d3327b765c3e509a0f176c1c2b9c9235c9f2348,2265649,200,1,,2026-10-06T14:00:34.282505+00:00
CACD_2010,archive,provas_pacote,https://archive.org/download/DiplomataCESPE2014/Diplomata_CESPE_2010.zip,data\raw\CACD_2010\archive\provas_pacote__ecafed63.zip,d5f5c749ae770d186c545af544534a4e919fe9ed210fa35217bdb45d0a454817,1781050,200,1,,2026-10-06T14:00:38.725715+00:00
CACD_2011,archive,provas_pacote,https://archive.org/download/DiplomataCESPE2014/Diplomata_CESPE_2011.zip,data\raw\CACD_2011\archive\provas_pacote__d0453ab9.zip,9ff5e69a4f732e228eb8a5519d01f791d36481322357f9ae3b546adb328e5e01,5404734,200,1,,2026-10-06T14:00:43.105888+00:00
CACD_2012,archive,provas_pacote,https://archive.org/download/DiplomataCESPE2014/Diplomata_CESPE_2012.zip,data\raw\CACD_2012\archive\provas_pacote__7f9bc546.zip,264f709aebc96616b27fe813cd68e2fc8b6ac4b4d215fb13f394ced7a20c79a4,1711037,200,1,,2026-10-06T14:00:48.158081+00:00
CACD_2017,cebraspe,edital,https://cdn.cebraspe.org.br/concursos/irbr_17_diplomacia/arquivos/IRBR_ED._1_ABERTURA.PDF,data\raw\CACD_2017\cebraspe\edital__69b39a15.pdf,ef190b2f08862d30d009c593fab1cc224cc33726abb94dabbcf0a19952fdc16c,599405,200,1,,2026-10-06T14:00:52.550815+00:00
CACD_2017,cebraspe,gabarito_definitivo,https://cdn.cebraspe.org.br/concursos/irbr_17_diplomacia/arquivos/Gab_Definitivo_327_IRBR_001_01.PDF,data\raw\CACD_2017\cebraspe\gabarito_definitivo__e6911366.pdf,740541ed35853b4370839fcd43d4403e23f9a2c725aab6795cd2a0e45be3a43c,60393,200,1,,2026-10-06T14:00:54.640921+00:00
CACD_2017,cebraspe,gabarito_definitivo,https://cdn.cebraspe.org.br/concursos/irbr_17_diplomacia/arquivos/Gab_Definitivo_327_IRBR_002_01.PDF,data\raw\CACD_2017\cebraspe\gabarito_definitivo__ed19a715.pdf,8e2f93b130696cd41c9deca8cbe5edcbfb9d663a973c951761cc83bc1e2f512c,61210,200,1,,2026-10-06T14:00:55.150587+00:00
CACD_2017,cebraspe,padrao_resposta,https://cdn.cebraspe.org.br/concursos/irbr_17_diplomacia/arquivos/IRBR_17_DIPLOMACIA_SUMMARY_OK.PDF,data\raw\CACD_2017\cebraspe\padrao_resposta__eda0da00.pdf,a3595cbfb0f73b5f2c0997e2a4e8c0b1ba11f2b4bcde66f704dd35ecc95a271d,94227,200,1,,2026-10-06T14:00:55.571693+00:00
CACD_2017,cebraspe,padrao_resposta,https://cdn.cebraspe.org.br/concursos/irbr_17_diplomacia/arquivos/IRBr_Formulario_PadraoRespostaDefinitivoDIR1.PDF,data\raw\CACD_2017\cebraspe\padrao_resposta__0841d72b.pdf,773adbcda267f7e95aec156cff96597b37240e288564a77848c8408ccfd4d17c,88176,200,1,,2026-10-06T14:00:56.086916+00:00
CACD_2017,cebraspe,prova_discursiva,https://cdn.cebraspe.org.br/concursos/irbr_17_diplomacia/arquivos/336_IRBR_001_01.PDF,data\raw\CACD_2017\cebraspe\prova_discursiva__ae59f556.pdf,7e5ff23986f4bd944b9d96179b594021b4ef9884043c06a5781b7e0b1b77621c,73279,200,1,,2026-10-06T14:00:56.879103+00:00
CACD_2017,cebraspe,prova_discursiva,https://cdn.cebraspe.org.br/concursos/irbr_17_diplomacia/arquivos/336_IRBR_002_01.PDF,data\raw\CACD_2017\cebraspe\prova_discursiva__f1ff82c2.pdf,8958385dc50e90c99012ae5765c216199a4f9ed1ffae28b658e993ecce99fa96,91975,200,1,,2026-10-06T14:00:57.316180+00:00
CACD_2017,cebraspe,prova_discursiva,https://cdn.cebraspe.org.br/concursos/irbr_17_diplomacia/arquivos/337_IRBR_001_01.PDF,data\raw\CACD_2017\cebraspe\prova_discursiva__92969592.pdf,9e360ceab26632500bebed42579dbc0def88337e0267e065be5f1d61933021b1,77186,200,1,,2026-10-06T14:00:57.836266+00:00
CACD_2017,cebraspe,prova_discursiva,https://cdn.cebraspe.org.br/concursos/irbr_17_diplomacia/arquivos/337_IRBR_002_01.PDF,data\raw\CACD_2017\cebraspe\prova_discursiva__757b6cbb.pdf,8c7cae46464af81804c95fa5bb571fefb118015df5fed37ba0b4ed6b32568b81,80512,200,1,,2026-10-06T14:00:58.374649+00:00
CACD_2017,cebraspe,prova_discursiva,https://cdn.cebraspe.org.br/concursos/irbr_17_diplomacia/arquivos/337_IRBR_003_01.PDF,data\raw\CACD_2017\cebraspe\prova_discursiva__fed8d20a.pdf,8bce0f9cf108dc9ccc379a1e083af4e7552f442ec04efc79cc3c0132c9c53ccd,80731,200,1,,2026-10-06T14:00:58.796997+00:00
CACD_2017,cebraspe,prova_discursiva,https://cdn.cebraspe.org.br/concursos/irbr_17_diplomacia/arquivos/337_IRBR_004_01.PDF,data\raw\CACD_2017\cebraspe\prova_discursiva__3bc40030.pdf,f803f89ad29cc784e25bb8c7d01b00370aac616e35bd59062f3531bfa201cb1b,75177,200,1,,2026-10-06T14:00:59.387610+00:00
CACD_2017,cebraspe,prova_discursiva,https://cdn.cebraspe.org.br/concursos/irbr_17_diplomacia/arquivos/337_IRBR_005_01.PDF,data\raw\CACD_2017\cebraspe\prova_discursiva__ddb17ef0.pdf,a0b4de6332eef4ebffd4a6eb1d4c602836afb1b5624015b0e6e6883c5663f784,77012,200,1,,2026-10-06T14:00:59.859037+00:00
CACD_2017,cebraspe,prova_discursiva,https://cdn.cebraspe.org.br/concursos/irbr_17_diplomacia/arquivos/337_IRBR_006_01.PDF,data\raw\CACD_2017\cebraspe\prova_discursiva__add96fb6.pdf,78fe03f84e28c9f6ade0f8aa539cf6f887c45b91c36eea565fe717a27d1a0817,103740,200,1,,2026-10-06T14:01:00.378354+00:00
CACD_2017,cebraspe,prova_objetiva,https://cdn.cebraspe.org.br/concursos/irbr_17_diplomacia/arquivos/327_IRBR_001_01.PDF,data\raw\CACD_2017\cebraspe\prova_objetiva__278e170a.pdf,6d7ccb264369a0c2140c1ab98698430741ef1a91eeec93653ccb3cad3d8fa004,176715,200,1,,2026-10-06T14:01:00.901966+00:00
CACD_2017,cebraspe,prova_objetiva,https://cdn.cebraspe.org.br/concursos/irbr_17_diplomacia/arquivos/327_IRBR_002_01.PDF,data\raw\CACD_2017\cebraspe\prova_objetiva__45bb8c00.pdf,d1d7fa00b3f79cebc1a361ab3eff1c671c6cde1407b60300fe4f953052983961,141817,200,1,,2026-10-06T14:01:01.326366+00:00
CACD_2018,cebraspe,edital,https://cdn.cebraspe.org.br/concursos/irbr_18_diplomacia/arquivos/IRBR_ED._N__1_ABERTURA.PDF,data\raw\CACD_2018\cebraspe\edital__3f99427e.pdf,dee5c0f0e638146b26113c82887ac70b9383cb324030827a75b97e0988d543e1,932312,200,1,,2026-10-06T14:01:01.750505+00:00
CACD_2018,cebraspe,gabarito_definitivo,https://cdn.cebraspe.org.br/concursos/irbr_18_diplomacia/arquivos/Gab_Definitivo_409_IRBR001_00.PDF,data\raw\CACD_2018\cebraspe\gabarito_definitivo__fb529524.pdf,9d5d9f18297432a91077b88a76b7bbe6a56d2f5adf4cad4830786032bc49e3b2,108721,200,1,,2026-10-06T14:01:02.499250+00:00
CACD_2018,cebraspe,gabarito_definitivo,https://cdn.cebraspe.org.br/concursos/irbr_18_diplomacia/arquivos/Gab_Definitivo_409_IRBR002_00.PDF,data\raw\CACD_2018\cebraspe\gabarito_definitivo__25ea8df3.pdf,41a53bf7a02c9ea7c798c03dfb8b2bfd5b17ca37083b44024b48f6fbeeaf6baa,110020,200,1,,2026-10-06T14:01:03.011587+00:00
CACD_2018,cebraspe,gabarito_preliminar,https://cdn.cebraspe.org.br/concursos/irbr_18_diplomacia/arquivos/GAB_PRELIMINAR_409_IRBR001_00.PDF,data\raw\CACD_2018\cebraspe\gabarito_preliminar__739f5f2d.pdf,0cdd0167869797958ac4c42b7aa468c64ce0fcd7e48667cc18c2116205ca321c,102896,200,1,,2026-10-06T14:01:03.431827+00:00
CACD_2018,cebraspe,gabarito_preliminar,https://cdn.cebraspe.org.br/concursos/irbr_18_diplomacia/arquivos/GAB_PRELIMINAR_409_IRBR002_00.PDF,data\raw\CACD_2018\cebraspe\gabarito_preliminar__c9c2f7e7.pdf,0093fde633842615de5c1355de521d7de3d2bcdbe62e2e84b6124b0f6cbc3f02,103413,200,1,,2026-10-06T14:01:03.849170+00:00
CACD_2018,cebraspe,padrao_resposta,https://cdn.cebraspe.org.br/concursos/irbr_18_diplomacia/arquivos/IRBR_18_DIPLOMACIA_PADRAODEFINITIVORESPOSTA_PROVAESCRITA_LNGUAPORTUGUESA.PDF,data\raw\CACD_2018\cebraspe\padrao_resposta__b4dff7db.pdf,385341665e0839fdb6939ffd474b37c295e07628e1b1305412986e61f27f3a61,128090,200,1,,2026-10-06T14:01:04.359011+00:00
CACD_2018,cebraspe,padrao_resposta,https://cdn.cebraspe.org.br/concursos/irbr_18_diplomacia/arquivos/IRBR_18_DIPLOMACIA_PADRAODEFINITIVORESPOSTA_PROVAESCRITA_LNGUAINGLESA.PDF,data\raw\CACD_2018\cebraspe\padrao_resposta__9824dd3d.pdf,9438d6aa677061bc84d9d808cdd3ecce1f85a050bf297302047b359915c5962e,165308,200,1,,2026-10-06T14:01:04.779103+00:00
CACD_2018,cebraspe,padrao_resposta,https://cdn.cebraspe.org.br/concursos/irbr_18_diplomacia/arquivos/IRBR_18_DIPLOMACIA___PADRODEFINITIVORESPOSTA_HISTRIA.PDF,data\raw\CACD_2018\cebraspe\padrao_resposta__bf7842fa.pdf,1ceb6f3f00c8317674fd3506bef93980b773d49f764f2da513610a31cf8eb557,183864,200,1,,2026-10-06T14:01:05.310790+00:00
CACD_2018,cebraspe,padrao_resposta,https://cdn.cebraspe.org.br/concursos/irbr_18_diplomacia/arquivos/IRBR_18_DIPLOMACIA___PADRODEFINITIVORESPOSTA_GEOGRAFIA.PDF,data\raw\CACD_2018\cebraspe\padrao_resposta__ec6e100c.pdf,de34767f597ac52f78fd594d67cb1d8c07d9e240438876dc68b4924eee40e571,215399,200,1,,2026-10-06T14:01:05.825997+00:00
CACD_2018,cebraspe,padrao_resposta,https://cdn.cebraspe.org.br/concursos/irbr_18_diplomacia/arquivos/IRBR_18_DIPLOMACIA___PADRODEFINITIVORESPOSTA_POLTICAINTERNACIONAL.PDF,data\raw\CACD_2018\cebraspe\padrao_resposta__5b3adce8.pdf,0ea63e70723c2a3b0e42415b0b831928bb3d84584eda4602bf4ab125877f17bf,180823,200,1,,2026-10-06T14:01:06.261190+00:00
CACD_2018,cebraspe,padrao_resposta,https://cdn.cebraspe.org.br/concursos/irbr_18_diplomacia/arquivos/IRBR_18_DIPLOMACIA___PADRODEFINITIVORESPOSTA_ECONOMIA.PDF,data\raw\CACD_2018\cebraspe\padrao_resposta__babbb561.pdf,c85fedf9d2cd60239b9d4faa75319e4d03564b7b56f9099b3be3e01a2fa3c123,185415,200,1,,2026-10-06T14:01:06.690133+00:00
CACD_2018,cebraspe,padrao_resposta,https://cdn.cebraspe.org.br/concursos/irbr_18_diplomacia/arquivos/IRBR_18_DIPLOMACIA___PADRODEFINITIVORESPOSTA_DIREITO.PDF,data\raw\CACD_2018\cebraspe\padrao_resposta__e554f6aa.pdf,d470d5ce8c9507f5017d257f9b12fbfc57fb458b35552825e4b2f4292add046f,201953,200,1,,2026-10-06T14:01:07.237696+00:00
CACD_2018,cebraspe,padrao_resposta,https://cdn.cebraspe.org.br/concursos/irbr_18_diplomacia/arquivos/IRBR_18_DIPLOMACIA___PADRODEFINITIVORESPOSTA_LINGUAESPANHOLA_LINGUAFRANCESA.PDF,data\raw\CACD_2018\cebraspe\padrao_resposta__b00b9fad.pdf,1ce1dbbdecd1f147bc75aae8935218782644e173f746d52c1f6233cf01f7e78c,209190,200,1,,2026-10-06T14:01:07.781581+00:00
CACD_2018,cebraspe,prova_discursiva,https://cdn.cebraspe.org.br/concursos/irbr_18_diplomacia/arquivos/416_IRBR_DISC_001_01.PDF,data\raw\CACD_2018\cebraspe\prova_discursiva__4fa2a87f.pdf,8fcddab95bce156e8eb0edb1d1dab450907bd6ce6f9344a01e5f770d5ef7bf9c,84936,200,1,,2026-10-06T14:01:08.216620+00:00
CACD_2018,cebraspe,prova_discursiva,https://cdn.cebraspe.org.br/concursos/irbr_18_diplomacia/arquivos/416_IRBR_DISC_002_01.PDF,data\raw\CACD_2018\cebraspe\prova_discursiva__da059bd6.pdf,d7cb5ce607e2f5472b0fb7fcba785f9a3715b670f4a402aa7fd77c69812f7953,86637,200,1,,2026-10-06T14:01:08.635126+00:00
CACD_2018,cebraspe,prova_objetiva,https://cdn.cebraspe.org.br/concursos/irbr_18_diplomacia/arquivos/409_IRBR001__PAG_15.PDF,data\raw\CACD_2018\cebraspe\prova_objetiva__875157a4.pdf,246d651432a07f0fb2d927f24b348ae69591e9ff14d4bd7d4ece447fe70451f5,167912,200,1,,2026-10-06T14:01:09.156687+00:00
CACD_2018,cebraspe,prova_objetiva,https://cdn.cebraspe.org.br/concursos/irbr_18_diplomacia/arquivos/409_IRBR002__PAG_14.PDF,data\raw\CACD_2018\cebraspe\prova_objetiva__07e96d27.pdf,8a4fd79f9124d24ee2d2541bd4ced7a679d0448a342996f4a46ecf2d6ab6028a,173275,200,1,,2026-10-06T14:01:09.609837+00:00
CACD_2024,cebraspe,edital,https://cdn.cebraspe.org.br/concursos/IRBR_24_DIPLOMACIA/arquivos/ED_1_IRBR_CACD_24_ABERTURA.PDF,data\raw\CACD_2024\cebraspe\edital__0efc8f33.pdf,a74129c1d066e5816668a2f08c1ea8e7bb8ed4af190cfbe5375eadf7e0e7202a,1022491,200,1,,2026-10-06T14:01:10.153037+00:00
CACD_2024,cebraspe,edital,https://cdn.cebraspe.org.br/concursos/IRBR_24_DIPLOMACIA/arquivos/ED_1_IRBR_CACD_24_ABERTURA_ATUALIZADO_RET_2.PDF,data\raw\CACD_2024\cebraspe\edital__16f1ac0e.pdf,72595f92827b970535cf816bf09076b6c4dbf0c401bf0d40f71cae4301c7c28f,1031067,200,1,,2026-10-06T14:01:10.809100+00:00
CACD_2024,cebraspe,gabarito_definitivo,https://cdn.cebraspe.org.br/concursos/IRBR_24_DIPLOMACIA/arquivos/GAB_DEFINITIVO_001_IRBRCACD_001_01.PDF,data\raw\CACD_2024\cebraspe\gabarito_definitivo__156fabd2.pdf,27321e2c78d0e9bb72b68aca75f65561edea4d20b4a63377152ebbd36bf89ecf,66104,200,1,,2026-10-06T14:01:11.453486+00:00
CACD_2024,cebraspe,gabarito_definitivo,https://cdn.cebraspe.org.br/concursos/IRBR_24_DIPLOMACIA/arquivos/GAB_DEFINITIVO_001_IRBRCACD_002_01.PDF,data\raw\CACD_2024\cebraspe\gabarito_definitivo__d43e94f7.pdf,42cef6d17eca3f21e774e24b0742490a5a2b1676783dfda386884c7a9d4810f4,68790,200,1,,2026-10-06T14:01:11.874487+00:00
CACD_2024,cebraspe,gabarito_justificativa,https://cdn.cebraspe.org.br/concursos/IRBR_24_DIPLOMACIA/arquivos/IRBR_24_DIPLOMACIA_JUSTIFIVATIVAS_DE_ALTERAO_DE_GABARITO.PDF,data\raw\CACD_2024\cebraspe\gabarito_justificativa__9f2d57f6.pdf,818d9fb33d8f9d1ad18537e100b750186fff3b62cae16b5567fe2f6c218c7fca,586391,200,1,,2026-10-06T14:01:12.290868+00:00
CACD_2024,cebraspe,padrao_resposta,https://cdn.cebraspe.org.br/concursos/IRBR_24_DIPLOMACIA/arquivos/1___PADRO_DEFINITIVO_DE_RESPOSTAS___SEGUNDA_FASE___LNGUA_PORTUGUESA.PDF,data\raw\CACD_2024\cebraspe\padrao_resposta__62f08438.pdf,5e63f5daa7aef6456e025b25c7ff693ad428912b1953c016bb4a02fa28a1c83c,154074,200,1,,2026-10-06T14:01:12.827030+00:00
CACD_2024,cebraspe,padrao_resposta,https://cdn.cebraspe.org.br/concursos/IRBR_24_DIPLOMACIA/arquivos/2___PADRO_DEFINITIVO_DE_RESPOSTAS___SEGUNDA_FASE___HISTRIA_DO_BRASIL.PDF,data\raw\CACD_2024\cebraspe\padrao_resposta__05fb96e2.pdf,1e25714da87f7dc04b9d1138f42f8dfbd26d78377ebd13987b75798263a27540,219199,200,1,,2026-10-06T14:01:13.341071+00:00
CACD_2024,cebraspe,padrao_resposta,https://cdn.cebraspe.org.br/concursos/IRBR_24_DIPLOMACIA/arquivos/3___PADRO_DEFINITIVO_DE_RESPOSTAS___SEGUNDA_FASE___LNGUA_INGLESA.PDF,data\raw\CACD_2024\cebraspe\padrao_resposta__369e5d0f.pdf,77d4c95fd980d4c971356e6031ae72a718d7bf383cd1bc4204c7f7913dc3e49d,143118,200,1,,2026-10-06T14:01:13.879268+00:00
CACD_2024,cebraspe,padrao_resposta,https://cdn.cebraspe.org.br/concursos/IRBR_24_DIPLOMACIA/arquivos/4___PADRO_DEFINITIVO_DE_RESPOSTAS___SEGUNDA_FASE___GEOGRAFIA.PDF,data\raw\CACD_2024\cebraspe\padrao_resposta__ac66202b.pdf,f9d38fc084dd83c755aceab79b4214de433bcaf958a4fd1ae44b9e9df32f959e,251388,200,1,,2026-10-06T14:01:14.400619+00:00
CACD_2024,cebraspe,padrao_resposta,https://cdn.cebraspe.org.br/concursos/IRBR_24_DIPLOMACIA/arquivos/5___PADRO_DEFINITIVO_DE_RESPOSTAS___SEGUNDA_FASE___POLTICA_INTERNACIONAL.PDF,data\raw\CACD_2024\cebraspe\padrao_resposta__a7c8e922.pdf,80474e263921037af8d24b3db1aa8ba18b59265775df8cc0886c974877975a13,243270,200,1,,2026-10-06T14:01:15.324238+00:00
CACD_2024,cebraspe,padrao_resposta,https://cdn.cebraspe.org.br/concursos/IRBR_24_DIPLOMACIA/arquivos/6___PADRO_DEFINITIVO_DE_RESPOSTAS___SEGUNDA_FASE___ECONOMIA.PDF,data\raw\CACD_2024\cebraspe\padrao_resposta__214c9f3b.pdf,5d5e218fcde29d50263f11c0995c918faf001165e6e30c48cb642b59979faef5,207178,200,1,,2026-10-06T14:01:15.858045+00:00
CACD_2024,cebraspe,padrao_resposta,https://cdn.cebraspe.org.br/concursos/IRBR_24_DIPLOMACIA/arquivos/7___PADRO_DEFINITIVO_DE_RESPOSTAS___SEGUNDA_FASE___DIREITO___ATUALIZADO.PDF,data\raw\CACD_2024\cebraspe\padrao_resposta__ede952c1.pdf,dec70bc5bd2aeac7aff75d782ee5f36230f1ce873e519a846c7c4ad2b7e5b9e3,228203,200,1,,2026-10-06T14:01:16.374861+00:00
CACD_2024,cebraspe,padrao_resposta,https://cdn.cebraspe.org.br/concursos/IRBR_24_DIPLOMACIA/arquivos/8___PADRO_DEFINITIVO_DE_RESPOSTAS___SEGUNDA_FASE___LNGUA_ESPANHOLA_E_LNGUA_FRANCESA.PDF,data\raw\CACD_2024\cebraspe\padrao_resposta__47ae5134.pdf,41cfb9801cc781c47bb01ba70856121cd31bf414bb0e671328deb03eeabe8452,196593,200,1,,2026-10-06T14:01:16.990100+00:00
CACD_2024,cebraspe,prova_discursiva,https://cdn.cebraspe.org.br/concursos/IRBR_24_DIPLOMACIA/arquivos/IRBR_24_SEGUNDA_FASE_PROVA_ESCRITA_DE_LNGUA_PORTUGUESA.PDF,data\raw\CACD_2024\cebraspe\prova_discursiva__14f267b4.pdf,2e42c858ec33dbbfd43cee610550077be6e92c2888305e0bd56a5bd9bb3046a8,95844,200,1,,2026-10-06T14:01:17.524166+00:00
CACD_2024,cebraspe,prova_discursiva,https://cdn.cebraspe.org.br/concursos/IRBR_24_DIPLOMACIA/arquivos/IRBR_24_SEGUNDA_FASE_PROVA_ESCRITA_DE_HISTRIA_DO_BRASIL.PDF,data\raw\CACD_2024\cebraspe\prova_discursiva__7eeca014.pdf,4cba225a53f2863b302ebb9af12988c737a77e14650918e67940e0f22808024e,98044,200,1,,2026-10-06T14:01:18.045142+00:00
CACD_2024,cebraspe,prova_discursiva,https://cdn.cebraspe.org.br/concursos/IRBR_24_DIPLOMACIA/arquivos/IRBR_SEGUNDA_FASE_PROVA_ESCRITA_LNGUA_INGLESA.PDF,data\raw\CACD_2024\cebraspe\prova_discursiva__988d6df2.pdf,8f2942d247d388070a76159b3bca940be5edfaa34c90e15b7f97a09b38bcd37b,76397,200,1,,2026-10-06T14:01:18.461289+00:00
CACD_2024,cebraspe,prova_discursiva,https://cdn.cebraspe.org.br/concursos/IRBR_24_DIPLOMACIA/arquivos/IRBR_SEGUNDA_FASE_PROVA_ESCRITA_GEOGRAFIA.PDF,data\raw\CACD_2024\cebraspe\prova_discursiva__30b6043e.pdf,b8a2489aa8aad5364a6c35c12486cd2af388c02f399c1493549e7dff1d3eb083,867692,200,1,,2026-10-06T14:01:18.971057+00:00
CACD_2024,cebraspe,prova_discursiva,https://cdn.cebraspe.org.br/concursos/IRBR_24_DIPLOMACIA/arquivos/1_IRBR_24_SEGUNDA_FASE_PROVA_ESCRITA_DE_POLTICA_INTERNACIONAL.PDF,data\raw\CACD_2024\cebraspe\prova_discursiva__ac62acfb.pdf,53faa2d727a0c2bd294e0fc4ddf58187484f4f1ac028943cb57c2ca00c57a5d4,108910,200,1,,2026-10-06T14:01:19.623739+00:00
CACD_2024,cebraspe,prova_discursiva,https://cdn.cebraspe.org.br/concursos/IRBR_24_DIPLOMACIA/arquivos/2_IRBR_24_SEGUNDA_FASE_PROVA_ESCRITA_DE_ECONOMIA.PDF,data\raw\CACD_2024\cebraspe\prova_discursiva__fe623f90.pdf,44a58ff9528ee8d544af458966b3314fa51aab832ce96125ddbcf7af33a3c7b5,83237,200,1,,2026-10-06T14:01:20.135886+00:00
CACD_2024,cebraspe,prova_discursiva,https://cdn.cebraspe.org.br/concursos/IRBR_24_DIPLOMACIA/arquivos/3_IRBR_24_SEGUNDA_FASE_PROVA_ESCRITA_DE_DIREITO.PDF,data\raw\CACD_2024\cebraspe\prova_discursiva__34ade32c.pdf,578c86d92e31e99d04f9ab7b48f71fde4e50bf0e3de6cb118a27daad42f3d0d5,102518,200,1,,2026-10-06T14:01:20.652526+00:00
CACD_2024,cebraspe,prova_discursiva,https://cdn.cebraspe.org.br/concursos/IRBR_24_DIPLOMACIA/arquivos/4_IRBR_24_SEGUNDA_FASE_PROVA_ESCRITA_DE_LNGUA_ESPANHOLA_LNGUA_FRANCESA.PDF,data\raw\CACD_2024\cebraspe\prova_discursiva__6bb197c3.pdf,853afd1b6cf6099bd2bd47270ee6c6112310116820bfbbe58740b7fa61cbad50,123627,200,1,,2026-10-06T14:01:21.164189+00:00
CACD_2024,cebraspe,prova_objetiva,https://cdn.cebraspe.org.br/concursos/IRBR_24_DIPLOMACIA/arquivos/001_IRBRCACD_001_01.PDF,data\raw\CACD_2024\cebraspe\prova_objetiva__16ef5089.pdf,de0ce8cde52d4490d46037b78c8f36de6ed31d0c815ca13073df66a445d6703e,446649,200,1,,2026-10-06T14:01:21.678185+00:00
CACD_2024,cebraspe,prova_objetiva,https://cdn.cebraspe.org.br/concursos/IRBR_24_DIPLOMACIA/arquivos/001_IRBRCACD_002_01.PDF,data\raw\CACD_2024\cebraspe\prova_objetiva__92fee4e3.pdf,130d2a556c85c7ca6b34b0a99a96051b0107b2641dce9612faffacdff748dfb9,307079,200,1,,2026-10-06T14:01:22.109237+00:00
CACD_2025,cebraspe,edital,https://cdn.cebraspe.org.br/concursos/IRBR_25_DIPLOMACIA/arquivos/Ed_1_IRBr_CACD_25_abertura.pdf,data\raw\CACD_2025\cebraspe\edital__0f607c1c.pdf,f8d239166c753ccc03a3eed1c1bca9c5f2f91cfa321a57e3b10fb6f8303ef66b,500048,200,1,,2026-10-06T14:01:22.543021+00:00
CACD_2025,cebraspe,edital,https://cdn.cebraspe.org.br/concursos/IRBR_25_DIPLOMACIA/arquivos/680F9B8F4438B90D71C521E7F49D441262878FE2B13B6A74966D5E9CE4EF631E.pdf,data\raw\CACD_2025\cebraspe\edital__5a4e3303.pdf,cc1d94fa8bbd8d99c7c159bd499d9b6ae5d3fceecaa928c7b7bed0f75f351048,999705,200,1,,2026-10-06T14:01:23.011234+00:00
CACD_2025,cebraspe,gabarito_definitivo,https://cdn.cebraspe.org.br/concursos/IRBR_25_DIPLOMACIA/arquivos/1AEF42AC2E961318A1CEAAD513B7DB31C88A7BF70FEADEF6D8F1B24108C86A14.pdf,data\raw\CACD_2025\cebraspe\gabarito_definitivo__d1cb7645.pdf,1bd7449798f350c2960933be6d49fa5ba2bbbbb425142a2cbb95070f919e1c4b,210083,200,1,,2026-10-06T14:01:23.649382+00:00
CACD_2025,cebraspe,gabarito_definitivo,https://cdn.cebraspe.org.br/concursos/IRBR_25_DIPLOMACIA/arquivos/5489DFECC0CC7A0CCC189179D1A4A92FEB9E8D13614B5EA2D84B7AC310068544.pdf,data\raw\CACD_2025\cebraspe\gabarito_definitivo__c40aba2f.pdf,9a235ccbfdf4e489c7102082e89262695e30380b63285aaf9e915991985ab6b0,210840,200,1,,2026-10-06T14:01:24.277262+00:00
CACD_2025,cebraspe,gabarito_justificativa,https://cdn.cebraspe.org.br/concursos/IRBR_25_DIPLOMACIA/arquivos/7212768A3842608C386FC6FB836619CBA592319110697EAD1486CDF3702A74AE.pdf,data\raw\CACD_2025\cebraspe\gabarito_justificativa__d8d942eb.pdf,b643f53f921a24751b96ee7dd89bae1f79f1ce80994f448f47c85f21f0da3e60,557728,200,1,,2026-10-06T14:01:24.836377+00:00
CACD_2025,cebraspe,padrao_resposta,https://cdn.cebraspe.org.br/concursos/IRBR_25_DIPLOMACIA/arquivos/6E3F3E4C211883D1F80772ADE327DA65596BA36E35477A20FBB591865005E332.pdf,data\raw\CACD_2025\cebraspe\padrao_resposta__aedc1655.pdf,f18ec4c9001f8b93228ce1ec7261ece1d592f4b454b9a1d39425025a76a9b982,334551,200,1,,2026-10-06T14:01:25.969078+00:00
CACD_2025,cebraspe,padrao_resposta,https://cdn.cebraspe.org.br/concursos/IRBR_25_DIPLOMACIA/arquivos/C9BBC45FE5E0DF576696153E78FF609802E8DF9B4E09A7348D5AB0FEE8DC2110.pdf,data\raw\CACD_2025\cebraspe\padrao_resposta__31d2d8be.pdf,791556726c0f112d12867d2dc874217ea1c963e4d89db7031e6c7cf438ee0346,467440,200,1,,2026-10-06T14:01:28.639308+00:00
CACD_2025,cebraspe,padrao_resposta,https://cdn.cebraspe.org.br/concursos/IRBR_25_DIPLOMACIA/arquivos/50608EBC10578B8A54A7535CA5A3A57DA84A5258308910793C5E7D9BDD9CEC4E.pdf,data\raw\CACD_2025\cebraspe\padrao_resposta__6bce0a05.pdf,68d4a43a52a83ab30f422ff799496b891efacc83bb1c2a6d128fa67e25647e51,429688,200,1,,2026-10-06T14:01:29.112545+00:00
CACD_2025,cebraspe,padrao_resposta,https://cdn.cebraspe.org.br/concursos/IRBR_25_DIPLOMACIA/arquivos/0C3898E18A2B5B4CD47B1AAC9A08FD78DDFD3027D9C1539BD6A181897E24A600.pdf,data\raw\CACD_2025\cebraspe\padrao_resposta__eeb31e38.pdf,65e1c71e61f1a49876f08a35cbb0fbe2e752051fc43db5917c48c37ad68c04e5,681796,200,1,,2026-10-06T14:01:29.568027+00:00
CACD_2025,cebraspe,padrao_resposta,https://cdn.cebraspe.org.br/concursos/IRBR_25_DIPLOMACIA/arquivos/135650EF838B838DC649E6B917A6015B90F9CC38DF2EDAEEFE5CDD657AB8D666.pdf,data\raw\CACD_2025\cebraspe\padrao_resposta__4e3fefa7.pdf,2db3108f1b166f769dae5ab10a2e3a061efaaecfdee95846e3e2060f3a6949fd,665318,200,1,,2026-10-06T14:01:30.039457+00:00
CACD_2025,cebraspe,padrao_resposta,https://cdn.cebraspe.org.br/concursos/IRBR_25_DIPLOMACIA/arquivos/7FCCCF34DAD7168E0F1F45EE75D7BCF6FE51B14A0187B3DCBFB685BDB06E54C9.pdf,data\raw\CACD_2025\cebraspe\padrao_resposta__7ec583de.pdf,c3ad146ab1673846d83772c1a90f12a6056dec94417ce8bf6ed89835d53124f2,524966,200,1,,2026-10-06T14:01:30.576841+00:00
CACD_2025,cebraspe,padrao_resposta,https://cdn.cebraspe.org.br/concursos/IRBR_25_DIPLOMACIA/arquivos/ADFFD68AE706D0FA173B085E0F008CA39A96486A06305A4BD801A77980C5D84C.pdf,data\raw\CACD_2025\cebraspe\padrao_resposta__84f192ba.pdf,8fcfedb02bb15ec5a91af0483b5724672b6cb61da0b4ddc83967f8564386b5a7,479990,200,1,,2026-10-06T14:01:31.036916+00:00
CACD_2025,cebraspe,padrao_resposta,https://cdn.cebraspe.org.br/concursos/IRBR_25_DIPLOMACIA/arquivos/3F69D672B13AB312FEEFECF71C5F4B8CE0E3EA52CD27AD07A1ADA0815BEEA66E.pdf,data\raw\CACD_2025\cebraspe\padrao_resposta__43d72d22.pdf,1c022a56436ae015e314a9089900f77f4a2747c049b736164ade08975adfd07e,511824,200,1,,2026-10-06T14:01:31.491256+00:00
CACD_2025,cebraspe,prova_discursiva,https://cdn.cebraspe.org.br/concursos/IRBR_25_DIPLOMACIA/arquivos/319A9A1BDB4307409FFB4E65CF11F2D32C304AA667BE9B6C636136C3110758A4.pdf,data\raw\CACD_2025\cebraspe\prova_discursiva__469adbd7.pdf,cbb809e101ec0c917b276edb87804ffb12032e6fcbec9dbc554a42baa0bf85fd,181012,200,1,,2026-10-06T14:01:31.956645+00:00
CACD_2025,cebraspe,prova_discursiva,https://cdn.cebraspe.org.br/concursos/IRBR_25_DIPLOMACIA/arquivos/FCC587A22445E95C88FBB1A9294A0F6F7E5469606A71AF4307C07454713D4947.pdf,data\raw\CACD_2025\cebraspe\prova_discursiva__02658b99.pdf,9991d8344c603d6ab59ec07175804f6461b5edc4b262c19dc1422b2f162a1774,154970,200,1,,2026-10-06T14:01:32.381523+00:00
CACD_2025,cebraspe,prova_discursiva,https://cdn.cebraspe.org.br/concursos/IRBR_25_DIPLOMACIA/arquivos/8A1E72AA3354655C350A9D8FEC9FAA562462AD969966B81507CDC7A3BDA3B786.pdf,data\raw\CACD_2025\cebraspe\prova_discursiva__c4cd691f.pdf,c48d1303296470152496b7108a6dad6e2226b3e3be15b33674debf0e9d590f12,120534,200,1,,2026-10-06T14:01:32.802054+00:00
CACD_2025,cebraspe,prova_discursiva,https://cdn.cebraspe.org.br/concursos/IRBR_25_DIPLOMACIA/arquivos/F7CB9E5636ACAA0CAC5D3DB3EAB4AC39A98CE459C0F3DBB8907A3E88D658C0C8.pdf,data\raw\CACD_2025\cebraspe\prova_discursiva__a20c4c38.pdf,06345b3913157aa1b86db90513177f774b27fbdc07b6cc875e3510c56b562519,470457,200,1,,2026-10-06T14:01:33.221356+00:00
CACD_2025,cebraspe,prova_discursiva,https://cdn.cebraspe.org.br/concursos/IRBR_25_DIPLOMACIA/arquivos/242A6BFE3B3C58B7F65E7A3A72AEC4719517872AA5AA7EB3F895F8D8CA27ECB0.pdf,data\raw\CACD_2025\cebraspe\prova_discursiva__3e3a4996.pdf,dedf929c50d4779e3644289329a6cd17a72c678ef9d45a7c54bd94f303803e9a,160853,200,1,,2026-10-06T14:01:33.661095+00:00
CACD_2025,cebraspe,prova_discursiva,https://cdn.cebraspe.org.br/concursos/IRBR_25_DIPLOMACIA/arquivos/6177C8D07037EF600652D50E071512236FEDD1E71BC4DD746001BCB61DB5EE14.pdf,data\raw\CACD_2025\cebraspe\prova_discursiva__74998386.pdf,a5c020050231b2b944f4c0b148de55b9fcd3c059d8d7aea252eab0df160f843c,151107,200,1,,2026-10-06T14:01:34.082390+00:00
CACD_2025,cebraspe,prova_discursiva,https://cdn.cebraspe.org.br/concursos/IRBR_25_DIPLOMACIA/arquivos/958AD9FE33DEA065CEC6CF3474796B1B1CFD6F74CE4512D0406A8526179F5DAA.pdf,data\raw\CACD_2025\cebraspe\prova_discursiva__34f0fe78.pdf,3f3fcf04e7b5b2dc029ca1db0db7bb7a530eedc0f52a724a0bed1600185db800,153959,200,1,,2026-10-06T14:01:34.504478+00:00
CACD_2025,cebraspe,prova_discursiva,https://cdn.cebraspe.org.br/concursos/IRBR_25_DIPLOMACIA/arquivos/41577D7F9516E3A3C2C8E356F6FAC45FE3A984A363AFE69506EC0387366F371C.pdf,data\raw\CACD_2025\cebraspe\prova_discursiva__8ea234b1.pdf,0ca8b5d95199d5a61a5a70984c816c1b2e0480f5d15a06891011df9743a67c6c,161734,200,1,,2026-10-06T14:01:34.923405+00:00
CACD_2025,cebraspe,prova_objetiva,https://cdn.cebraspe.org.br/concursos/IRBR_25_DIPLOMACIA/arquivos/101_IRBRCACDOBJ_001_01.pdf,data\raw\CACD_2025\cebraspe\prova_objetiva__17a38df1.pdf,29e805d3887d4a5a2731bad8f8abb7d1b6886a1ebd27e2c9fd50186ab430fee4,185645,200,1,,2026-10-06T14:01:35.353331+00:00
CACD_2025,cebraspe,prova_objetiva,https://cdn.cebraspe.org.br/concursos/IRBR_25_DIPLOMACIA/arquivos/101_IRBRCACDOBJ_002_01.pdf,data\raw\CACD_2025\cebraspe\prova_objetiva__f42667ec.pdf,f8e504a12125c8f205dec8318baafc27feabf3f49efe71a4444f014501465164,178470,200,1,,2026-10-06T14:01:35.779488+00:00
CACD_2026,cebraspe,edital,https://cdn.cebraspe.org.br/concursos/IRBR_26_DIPLOMACIA/arquivos/0F832BA5F314E5ECB89C951F0212CD330DE6CC71ED33D3434909FE4A48653D3F.pdf,data\raw\CACD_2026\cebraspe\edital__bc3bf4b6.pdf,99817861f5d954c6187411a079bddd78b99e890cf9d134d17b4da45254c1dc6f,617288,200,1,,2026-10-06T14:01:36.205073+00:00
CACD_2026,cebraspe,edital,https://cdn.cebraspe.org.br/concursos/IRBR_26_DIPLOMACIA/arquivos/7FA89C5320E2811FDD1A8276DD6526120704864996EA8C6DED7A6DDB5D0987D7.pdf,data\raw\CACD_2026\cebraspe\edital__5496df8a.pdf,95b340152f1d7514fd20a9814f73d0fe17c8c763c49f9131b55708730bbf7582,733455,200,1,,2026-10-06T14:01:36.683123+00:00
CACD_2026,cebraspe,edital_retificacao,https://cdn.cebraspe.org.br/concursos/IRBR_26_DIPLOMACIA/arquivos/E446A80B75446EF806F1811398ACD7DD63343ADEEA56207EC7E253BA3C4A8F04.pdf,data\raw\CACD_2026\cebraspe\edital_retificacao__9f766389.pdf,b93497bd5a38702050bc6e42e297c34d74a852ee82ec0358b1e848c8888aac5c,305014,200,1,,2026-10-06T14:01:37.146178+00:00
CACD_2026,cebraspe,gabarito_definitivo,https://cdn.cebraspe.org.br/concursos/IRBR_26_DIPLOMACIA/arquivos/74D4CBB66C3F291DEAA5FFB5AA4E81D32BCFEA62033535D0EFC65A35934D2DF1.pdf,data\raw\CACD_2026\cebraspe\gabarito_definitivo__6380322e.pdf,7d9f1d709d7b8245197d5457d3ef4c191b59a3474953c516014d02d505c90942,305026,200,1,,2026-10-06T14:01:37.580395+00:00
CACD_2026,cebraspe,gabarito_definitivo,https://cdn.cebraspe.org.br/concursos/IRBR_26_DIPLOMACIA/arquivos/0865083195C49C458540DFEAFE373699FC734D655AABCE22F960E69DFFE2D007.pdf,data\raw\CACD_2026\cebraspe\gabarito_definitivo__89c364da.pdf,5a6f464388d6b0510d7327a40aa55dd0d58665e815f6355a748392e7cbb2595d,305670,200,1,,2026-10-06T14:01:38.011011+00:00
CACD_2026,cebraspe,gabarito_justificativa,https://cdn.cebraspe.org.br/concursos/IRBR_26_DIPLOMACIA/arquivos/602573A170A5781AFCAB02C2E4BACE78CAAAD380B2F5E09333BBD6F2E9A3E086.pdf,data\raw\CACD_2026\cebraspe\gabarito_justificativa__c3cc430b.pdf,0b15d6980e1e6d2a380ab6937345dca9914fdb38961e88454eff93fa0999f4ba,542254,200,1,,2026-10-06T14:01:38.440169+00:00
CACD_2026,cebraspe,padrao_resposta,https://cdn.cebraspe.org.br/concursos/IRBR_26_DIPLOMACIA/arquivos/1639406A1C019CC38185A6ECCC8B8F939F5089D7E377949AFF9E1F396FD50F19.pdf,data\raw\CACD_2026\cebraspe\padrao_resposta__d3967d54.pdf,6bcb20029a5c088536be894c032345a7c42987baddb566b900e35c194856b7bf,119398,200,1,,2026-10-06T14:01:38.872119+00:00
CACD_2026,cebraspe,padrao_resposta,https://cdn.cebraspe.org.br/concursos/IRBR_26_DIPLOMACIA/arquivos/DFA7700D18691B6651B443EC3E093BCE7C3ACA638D213D1122DA66DC8E730699.pdf,data\raw\CACD_2026\cebraspe\padrao_resposta__1cecb3c5.pdf,674c835f5bca233dcc6862d2e80d7039f706e91f5ca30b6ade0e77bc21784822,151155,200,1,,2026-10-06T14:01:39.297001+00:00
CACD_2026,cebraspe,padrao_resposta,https://cdn.cebraspe.org.br/concursos/IRBR_26_DIPLOMACIA/arquivos/00F8B6045089BC26E3AD248099D9B14526E1809BD0B984499336C15B160F8104.pdf,data\raw\CACD_2026\cebraspe\padrao_resposta__d6e35254.pdf,e5bf7f5d51cf3c72a02da72eee8860554c24b8437caa2602e3ab066c7aaf2400,158738,200,1,,2026-10-06T14:01:39.730200+00:00
CACD_2026,cebraspe,padrao_resposta,https://cdn.cebraspe.org.br/concursos/IRBR_26_DIPLOMACIA/arquivos/B10B39AD2404AD47D04B1C3F61B753A18D0FF0CB7380C177371CE6CD3280BEC6.pdf,data\raw\CACD_2026\cebraspe\padrao_resposta__5ea5a2b8.pdf,ea6e713cfcfef53affc844da5bc6697bd12c6d263f60a57945f39b4d7ed928fa,215444,200,1,,2026-10-06T14:01:40.158615+00:00
CACD_2026,cebraspe,padrao_resposta,https://cdn.cebraspe.org.br/concursos/IRBR_26_DIPLOMACIA/arquivos/9A625160F1FF13816B4F058FF45F5CBBCC2DEAF8A5313178B6A30ADB4C0AC743.pdf,data\raw\CACD_2026\cebraspe\padrao_resposta__3a092777.pdf,6f3f49c2a2872561cd2b20c8f61d2f0479346f608b84ef4517d223038b682e96,342834,200,1,,2026-10-06T14:01:40.599902+00:00
CACD_2026,cebraspe,padrao_resposta,https://cdn.cebraspe.org.br/concursos/IRBR_26_DIPLOMACIA/arquivos/6D5BD3DAEB2B47C654262A5CBA55D5AE69E0F254CF04D8E8CE8439D42F4BB79C.pdf,data\raw\CACD_2026\cebraspe\padrao_resposta__39280296.pdf,96c97944d8e825bc5008837d502af788ddcbf147f0be8530dd537019995ab00a,422013,200,1,,2026-10-06T14:01:41.044862+00:00
CACD_2026,cebraspe,padrao_resposta,https://cdn.cebraspe.org.br/concursos/IRBR_26_DIPLOMACIA/arquivos/70E2D07D431B63E9E52B79E1BD2B41B72396F2AF74AC2189C424BC34DDE7E50D.pdf,data\raw\CACD_2026\cebraspe\padrao_resposta__e4db3a3b.pdf,2665325d1801f0eb638ed3504aec9d00220f81e90e7b0bb07fcf01c6e521682e,337875,200,1,,2026-10-06T14:01:41.492607+00:00
CACD_2026,cebraspe,padrao_resposta,https://cdn.cebraspe.org.br/concursos/IRBR_26_DIPLOMACIA/arquivos/23689C80E3B937DF6F7BB53D5D781200A8708FEA037A71B6E3D37E7A84875CB8.pdf,data\raw\CACD_2026\cebraspe\padrao_resposta__75c69d1f.pdf,9541a34d0937558480e8a4a2d727005ed50d88c91d4c14083d6c82640b0ffe67,359976,200,1,,2026-10-06T14:01:41.930753+00:00
CACD_2026,cebraspe,prova_discursiva,https://cdn.cebraspe.org.br/concursos/IRBR_26_DIPLOMACIA/arquivos/7B29452A6182A3A0F05707ECEF3A2188929D1DEBE035185A81F8BCFAE2C7CB94.pdf,data\raw\CACD_2026\cebraspe\prova_discursiva__1bf535ea.pdf,d026c310a51890435b4602e573d476f0309f936169d4a3bf53d3535588c7ca6b,163408,200,1,,2026-10-06T14:01:42.380137+00:00
CACD_2026,cebraspe,prova_discursiva,https://cdn.cebraspe.org.br/concursos/IRBR_26_DIPLOMACIA/arquivos/514DAE738BED37EC22674BDFB1A7B291185CC6F3212DC443C47B0D4122BFED82.pdf,data\raw\CACD_2026\cebraspe\prova_discursiva__8e855300.pdf,6327327cef6aeb02116f4e4089dbb3e671631d64728b5bd81001e7c326879dde,124900,200,1,,2026-10-06T14:01:42.803602+00:00
CACD_2026,cebraspe,prova_discursiva,https://cdn.cebraspe.org.br/concursos/IRBR_26_DIPLOMACIA/arquivos/69461D1874C8F948D8C493E9468483902865306839853CECDC3160A81106D6FB.pdf,data\raw\CACD_2026\cebraspe\prova_discursiva__501adbae.pdf,a21ec087521aecd650ef0fe48b0ba0718e0d42b4bdff054122627ac54be67cd4,106088,200,1,,2026-10-06T14:01:43.231136+00:00
CACD_2026,cebraspe,prova_discursiva,https://cdn.cebraspe.org.br/concursos/IRBR_26_DIPLOMACIA/arquivos/FAC0C9A09D470006C5E90E3CADEB52BDD27FE0CDCBF18D95DC3E069B0F68031D.pdf,data\raw\CACD_2026\cebraspe\prova_discursiva__8291a695.pdf,881425a264d81d84bf261069d81c26785b5096ed63224918b26da50a1d86b2e7,126745,200,1,,2026-10-06T14:01:43.655698+00:00
CACD_2026,cebraspe,prova_discursiva,https://cdn.cebraspe.org.br/concursos/IRBR_26_DIPLOMACIA/arquivos/96F4905097F1658D64C7A128396B58DFD4F3490126BD384A2F8F1F9B2CF2C8E1.pdf,data\raw\CACD_2026\cebraspe\prova_discursiva__17c8da89.pdf,cd9444c8680822a2be7d220b782e29ce4b985d2a35563b9af6fcf8ade5e72da8,116323,200,1,,2026-10-06T14:01:44.075909+00:00
CACD_2026,cebraspe,prova_discursiva,https://cdn.cebraspe.org.br/concursos/IRBR_26_DIPLOMACIA/arquivos/C855F7461AFB7526AA26292F0F528F14E6E07EF556669695E56C1B5B26E823B8.pdf,data\raw\CACD_2026\cebraspe\prova_discursiva__dcf8ab53.pdf,e41e68659e75b8ad9d74bb57a03d2167b31008bf7cc5fb3e343f615afd38c403,164525,200,1,,2026-10-06T14:01:44.503170+00:00
CACD_2026,cebraspe,prova_discursiva,https://cdn.cebraspe.org.br/concursos/IRBR_26_DIPLOMACIA/arquivos/4F8DEBB590E9DCFB1D093C44229B3206892B47CB35B557B040C7E6F931283D7B.pdf,data\raw\CACD_2026\cebraspe\prova_discursiva__7341f0b7.pdf,0486cafbeb5d405790e00ca0366f01da9c0760fb89e8af704a7832acef547394,123644,200,1,,2026-10-06T14:01:44.928826+00:00
CACD_2026,cebraspe,prova_discursiva,https://cdn.cebraspe.org.br/concursos/IRBR_26_DIPLOMACIA/arquivos/AA3BA533B5780A0A0EC4013044DCC5F5BDF4448069F9C697987E55338321D5D0.pdf,data\raw\CACD_2026\cebraspe\prova_discursiva__b035dd6a.pdf,092c5566e5f8b3081a3bfc1eddd586a43a806713192fcc3ffd1dc8475cb4d5f7,137289,200,1,,2026-10-06T14:01:45.349438+00:00
CACD_2026,cebraspe,prova_objetiva,https://cdn.cebraspe.org.br/concursos/IRBR_26_DIPLOMACIA/arquivos/9AFA463453FEF0A89EBB56387CCC39386F5B09A3A84D342A4112BB6B1339E891.pdf,data\raw\CACD_2026\cebraspe\prova_objetiva__66ea1db4.pdf,1bc133b3b86b1623bf843b8a425cc937fe66998b9556a6a1e591dedfeb981f02,717256,200,1,,2026-10-06T14:01:45.771729+00:00
CACD_2026,cebraspe,prova_objetiva,https://cdn.cebraspe.org.br/concursos/IRBR_26_DIPLOMACIA/arquivos/A74A4FFC747ECD4287A7D9745DEE6B9364AFA6CF3470FDA6C33FBC2DC689B590.pdf,data\raw\CACD_2026\cebraspe\prova_objetiva__c604e903.pdf,bf9cf4e95ad66f4dd19e4cc0eab2479ae3ab9904ec7c440e2a75a35a1ff3e506,934904,200,1,,2026-10-06T14:01:46.216624+00:00
CACD_2019,clipping,prova_objetiva,https://clipping.blob.core.windows.net/uploads/TPS%202019%20CACD%20TARDE.pdf,data\raw\CACD_2019\clipping\prova_objetiva__440bb95f.pdf,8330dfc72351259d93606d4dcf731d15e1aca7fe7d02bba4acfe1ce768333447,9852335,200,1,,2026-10-06T14:01:46.672425+00:00
CACD_2003,cursocacd,discursiva_direito,https://www.cursocacd.com/_files/ugd/06e458_c3ae5cd28e694664929c60709dfb43d6.pdf,data\raw\CACD_2003\cursocacd\discursiva_direito__f0365b94.pdf,cebebc054cadb0686325badaafb78dd820ec9eb6f2cb5a2055f1459e83a84fb9,22540,200,1,,2026-10-06T14:01:51.839523+00:00
CACD_2003,cursocacd,discursiva_economia,https://www.cursocacd.com/_files/ugd/06e458_8ebcc0bd0f0f4e028d56862884a5a4de.pdf,data\raw\CACD_2003\cursocacd\discursiva_economia__feeb97ed.pdf,1310e3e7b0460e5febbd932ec7cb517f67715f9d4e188782e09bf0904be040dc,15442,200,1,,2026-10-06T14:01:54.316320+00:00
CACD_2003,cursocacd,discursiva_geografia,https://www.cursocacd.com/_files/ugd/06e458_e036622ac5ac42539e7c4353c00b975d.pdf,data\raw\CACD_2003\cursocacd\discursiva_geografia__e659698f.pdf,b5889687324954a430023f0109f50fcff6b41340f84aea14912bd181bac33993,15384,200,1,,2026-10-06T14:01:55.466506+00:00
CACD_2003,cursocacd,discursiva_historia,https://www.cursocacd.com/_files/ugd/06e458_aa8e2e130c514c55b4e5ca797118d97e.pdf,data\raw\CACD_2003\cursocacd\discursiva_historia__be718717.pdf,cb616b477cae19627c2472fe49e1094ffd09c17f8caf8f0306be6d230e7c508d,28278,200,1,,2026-10-06T14:01:56.898175+00:00
CACD_2003,cursocacd,discursiva_ingles,https://www.cursocacd.com/_files/ugd/06e458_c7ed931ccb6942a7892c744fa9ac259b.pdf,data\raw\CACD_2003\cursocacd\discursiva_ingles__380124bd.pdf,7871b7e6485d0d126ab9dd36597160bc77e373893ccbd9cd8b6dc637a71a9315,65808,200,1,,2026-10-06T14:01:58.054734+00:00
CACD_2003,cursocacd,discursiva_pol_internacional,https://www.cursocacd.com/_files/ugd/06e458_8f8e1ddf5a5c478a9371b418c3b7074c.pdf,data\raw\CACD_2003\cursocacd\discursiva_pol_internacional__ad7f7c65.pdf,0122a0be2a083ea2f375abaf856b3426c0b3dab056a98028db0906951a63fad0,19608,200,1,,2026-10-06T14:01:59.193802+00:00
CACD_2003,cursocacd,discursiva_portugues,https://www.cursocacd.com/_files/ugd/06e458_2e1e747af8214fd987488da143ce6db0.pdf,data\raw\CACD_2003\cursocacd\discursiva_portugues__fa102328.pdf,cb68f66b7e0099b07b7e4c18c21d1f3c3cefc87f64e1f655e7e6ffeb8613befb,89212,200,1,,2026-10-06T14:02:00.160787+00:00
CACD_2003,cursocacd,gabarito,https://www.cursocacd.com/_files/ugd/06e458_1b43b45e73454f099f7105ac243605b4.pdf,data\raw\CACD_2003\cursocacd\gabarito__326d9ed0.pdf,c6541246391a3cb201e337674fbc60a20de0c50d1a9754bba22c7f9c2f38541f,28036,200,1,,2026-10-06T14:02:01.495258+00:00
CACD_2003,cursocacd,guia_estudos,https://www.cursocacd.com/_files/ugd/06e458_930b519ec68e4ca4a5795c95f3e922d3.pdf,data\raw\CACD_2003\cursocacd\guia_estudos__f5b781a0.pdf,4a10a24893c149089e682c2a36b647d996f3895b2e395de8b2a905d8e9eef563,349482,200,1,,2026-10-06T14:02:02.612225+00:00
CACD_2003,cursocacd,prova_objetiva_1,https://www.cursocacd.com/_files/ugd/06e458_d11d07ac3e6d4501b01757efc85f8b25.pdf,data\raw\CACD_2003\cursocacd\prova_objetiva_1__60be234b.pdf,d2fecfa26a8b71cd720ebaa8acbc8f89f1fe113cae2ff987f77e8448a446c97e,807157,200,1,,2026-10-06T14:02:03.862758+00:00
CACD_2004,cursocacd,discursiva_direito,https://www.cursocacd.com/_files/ugd/06e458_37864f8a00824d40a5338441625f0c44.pdf,data\raw\CACD_2004\cursocacd\discursiva_direito__b681dd84.pdf,de5e197b7410bd2112fea4d53af2eba7074a959490b87e129ca36857c4112abf,19624,200,1,,2026-10-06T14:02:05.464488+00:00
CACD_2004,cursocacd,discursiva_economia,https://www.cursocacd.com/_files/ugd/06e458_5dca2921da0141c2a623c5c246684b6a.pdf,data\raw\CACD_2004\cursocacd\discursiva_economia__3b9ab01b.pdf,bf51d026bd90491023446be7272d3d6d50c23edf2b2996130e000d77114062ef,14299,200,1,,2026-10-06T14:02:06.590608+00:00
CACD_2004,cursocacd,discursiva_geografia,https://www.cursocacd.com/_files/ugd/06e458_24e539ed19cd4db0adfb5b8047d78581.pdf,data\raw\CACD_2004\cursocacd\discursiva_geografia__281e53b6.pdf,2812da2a021ce3d388e6b66c30d1e616eb5f08428409efb9eb0a9b3439a60f7f,14906,200,1,,2026-10-06T14:02:08.189205+00:00
CACD_2004,cursocacd,discursiva_historia,https://www.cursocacd.com/_files/ugd/06e458_63056b4605c24e4ca67b54156029d3f2.pdf,data\raw\CACD_2004\cursocacd\discursiva_historia__09b849cd.pdf,45f84f75c060fc13bebe59cb536de5da6d8aaff20485fdcf55e1b5574f0fad58,26605,200,1,,2026-10-06T14:02:09.357878+00:00
CACD_2004,cursocacd,discursiva_ingles,https://www.cursocacd.com/_files/ugd/06e458_e7a6a21f9d234f1a8cb48d59aecdcae4.pdf,data\raw\CACD_2004\cursocacd\discursiva_ingles__526853b2.pdf,0ac6b6c5750f1cb6695c0c35cdabdd81feae615155d0dfcc1f3f4f366ca03b07,602104,200,1,,2026-10-06T14:02:10.565928+00:00
CACD_2004,cursocacd,discursiva_pol_internacional,https://www.cursocacd.com/_files/ugd/06e458_ae0a2b9115124820b898126ae5504ab7.pdf,data\raw\CACD_2004\cursocacd\discursiva_pol_internacional__20b8d85e.pdf,8c92641bdfc45a27c355d22a18d1ca109d8074b2b60785db39802908e278e8b6,17830,200,1,,2026-10-06T14:02:12.416879+00:00
CACD_2004,cursocacd,discursiva_portugues,https://www.cursocacd.com/_files/ugd/06e458_456fe993cbeb4b95ad5cc59a603d1707.pdf,data\raw\CACD_2004\cursocacd\discursiva_portugues__530599d7.pdf,0b0675ce25e50b50eb15eca2269c732c6ad3ab5fef2e86c2bcca09a6ee910b7c,566788,200,1,,2026-10-06T14:02:13.823010+00:00
CACD_2004,cursocacd,gabarito,https://www.cursocacd.com/_files/ugd/06e458_d8918719ee0c4be491ecc7416629c673.pdf,data\raw\CACD_2004\cursocacd\gabarito__8ffd27b8.pdf,446103d980b9ce9680c8c7acc97b6957294173a560fcc5d737c2734871031567,41524,200,1,,2026-10-06T14:02:15.382428+00:00
CACD_2004,cursocacd,guia_estudos,https://www.cursocacd.com/_files/ugd/06e458_9b7312ab612141e0a97384327fbe2488.pdf,data\raw\CACD_2004\cursocacd\guia_estudos__c0ffff7d.pdf,80e4f69fe4932a58c64a3c953e1081a0e891a3d498b23c45320e4e92fc780d20,377285,200,1,,2026-10-06T14:02:16.551017+00:00
CACD_2004,cursocacd,prova_objetiva_1,https://www.cursocacd.com/_files/ugd/06e458_582843a31e3d4710830b35e3be600880.pdf,data\raw\CACD_2004\cursocacd\prova_objetiva_1__03e12b15.pdf,beb5f970598b9cb9dd0b3afb38ff3d86a81141b0f1221fe135dcb6381438aaa9,509963,200,1,,2026-10-06T14:02:17.795776+00:00
CACD_2005,cursocacd,discursiva_direito,https://www.cursocacd.com/_files/ugd/06e458_9fa94908c01a4b4a9ca618b701f7afd4.pdf,data\raw\CACD_2005\cursocacd\discursiva_direito__2be62469.pdf,4e421a76133cd17636f3ca87cf3da6e6d848a73e09db31856cf3b1943572eba9,989796,200,1,,2026-10-06T14:02:19.224358+00:00
CACD_2005,cursocacd,discursiva_economia,https://www.cursocacd.com/_files/ugd/06e458_36879b15a208498995def665511a2389.pdf,data\raw\CACD_2005\cursocacd\discursiva_economia__9a8a1930.pdf,aa213e0e2d82e46720d6ae0fcd3fbb40fcf3d1b486693fe52db974b70dba46d0,532688,200,1,,2026-10-06T14:02:20.586307+00:00
CACD_2005,cursocacd,discursiva_espanhol_frances,https://www.cursocacd.com/_files/ugd/06e458_1069ad1b4bc84513a420f5be9cc9738f.pdf,data\raw\CACD_2005\cursocacd\discursiva_espanhol_frances__4bb8b4e8.pdf,ee8c01dc354b4adc7f03abf1380b07c83a5286ea903e9fbd94828c965bad5488,4651244,200,1,,2026-10-06T14:02:22.134323+00:00
CACD_2005,cursocacd,discursiva_geografia,https://www.cursocacd.com/_files/ugd/06e458_9d6cdb5e35aa480cb69abc336cd6723a.pdf,data\raw\CACD_2005\cursocacd\discursiva_geografia__628796ca.pdf,5b976e93311f2970adcf5e288bac75b14392adc106777ea65eecc3f293fbcd42,488208,200,1,,2026-10-06T14:02:24.267936+00:00
CACD_2005,cursocacd,discursiva_historia,https://www.cursocacd.com/_files/ugd/06e458_25fa6b29f16e4164929255a8beef981c.pdf,data\raw\CACD_2005\cursocacd\discursiva_historia__50595e60.pdf,d96a232cef4eb4929bab5f6c2ca75d59673e37893ecc5c171803f9030a7dc732,1435441,200,1,,2026-10-06T14:02:25.773209+00:00
CACD_2005,cursocacd,discursiva_ingles,https://www.cursocacd.com/_files/ugd/06e458_05d800a290674cfd88fe24587e0c58d0.pdf,data\raw\CACD_2005\cursocacd\discursiva_ingles__c632dae6.pdf,3915f896330072b905f9a44587051335f719cdd330ca25788b6d85603d13e06b,4574545,200,1,,2026-10-06T14:02:27.676494+00:00
CACD_2005,cursocacd,discursiva_pol_internacional,https://www.cursocacd.com/_files/ugd/06e458_88189dc5ad0e493795983a9c580b3cb3.pdf,data\raw\CACD_2005\cursocacd\discursiva_pol_internacional__097d1bb8.pdf,22163a13e75471d5d843c350aca2a8f3db6f925032bbdffa8c8c2cdc7c5a8b7d,634037,200,1,,2026-10-06T14:02:30.169078+00:00
CACD_2005,cursocacd,discursiva_portugues,https://www.cursocacd.com/_files/ugd/06e458_65cc253de5a94a10bfb3520d56fbf05b.pdf,data\raw\CACD_2005\cursocacd\discursiva_portugues__5a9a4833.pdf,f27d5e9e9744ac49d7afaf13f3fbaa8c284bef0d01e68f603b8d7335d483a08f,411259,200,1,,2026-10-06T14:02:32.424990+00:00
CACD_2005,cursocacd,gabarito,https://www.cursocacd.com/_files/ugd/06e458_77ef5839deb0440d8131810735d37f62.pdf,data\raw\CACD_2005\cursocacd\gabarito__4031719e.pdf,86d21f7399db8336f0c1e215e847fa110aa46d99947e1f920e777b719c0d7298,36558,200,1,,2026-10-06T14:02:33.671476+00:00
CACD_2005,cursocacd,guia_estudos,https://www.cursocacd.com/_files/ugd/06e458_d13b3b21e87d4b2dabfa924a08c7ff49.pdf,data\raw\CACD_2005\cursocacd\guia_estudos__f28cf804.pdf,f23010c09ca8970775956f7c0ae8f36968f32dfe5a956cd71e978e1bef4cf4d1,578697,200,1,,2026-10-06T14:02:34.810087+00:00
CACD_2005,cursocacd,prova_objetiva_1,https://www.cursocacd.com/_files/ugd/06e458_b8071440df554d5286069652686b3399.pdf,data\raw\CACD_2005\cursocacd\prova_objetiva_1__4d78a804.pdf,cc781f238d6d8dbdca89a5bd3d6e052934af65a7331f437a4c5bbd083e758399,568092,200,1,,2026-10-06T14:02:36.833727+00:00
CACD_2006,cursocacd,discursiva_direito,https://www.cursocacd.com/_files/ugd/06e458_703bc20bf2a844338e4470747797583b.pdf,data\raw\CACD_2006\cursocacd\discursiva_direito__bf5ed6ce.pdf,fc8d3245e9301d237e189d53d8a370aaeb6452eb93e76de784515a4eaf83628c,148326,200,1,,2026-10-06T14:02:38.418394+00:00
CACD_2006,cursocacd,discursiva_economia,https://www.cursocacd.com/_files/ugd/06e458_d3e791e974eb4d289906faeb7da82117.pdf,data\raw\CACD_2006\cursocacd\discursiva_economia__7f820e58.pdf,4d789c20784bf3a36eb5a6cedbf379fe5dcb7c9199177a9fe5fb9b2f523fea82,157028,200,1,,2026-10-06T14:02:39.534711+00:00
CACD_2006,cursocacd,discursiva_espanhol_frances,https://www.cursocacd.com/_files/ugd/06e458_426127388461495eb5bb90486ae178d6.pdf,data\raw\CACD_2006\cursocacd\discursiva_espanhol_frances__478ecb20.pdf,0aa3ec70269a11b9921ad7c9f8d5b7d972bf0143c298e2e87a994629d225c376,345552,200,1,,2026-10-06T14:02:40.739889+00:00
CACD_2006,cursocacd,discursiva_geografia,https://www.cursocacd.com/_files/ugd/06e458_e7388eefcf0e4a73855e62bb0d890dee.pdf,data\raw\CACD_2006\cursocacd\discursiva_geografia__58fbf8da.pdf,5a546debb06778daa73786e0f8b170ecc8d41028fecb38d7e064dbd1e50f5d98,150832,200,1,,2026-10-06T14:02:42.083586+00:00
CACD_2006,cursocacd,discursiva_historia,https://www.cursocacd.com/_files/ugd/06e458_4bb3c472fa05438799ce2e99c186483f.pdf,data\raw\CACD_2006\cursocacd\discursiva_historia__4bf26c2e.pdf,8386f36d65f6409976a61a6dad0a85ce50b1ccd89d2d3efb35533a3f8f274e41,156538,200,1,,2026-10-06T14:02:43.229332+00:00
CACD_2006,cursocacd,discursiva_ingles,https://www.cursocacd.com/_files/ugd/06e458_be56136097644bca8a2e93cb94230730.pdf,data\raw\CACD_2006\cursocacd\discursiva_ingles__61a2ede7.pdf,da303d68202d4e7c7b733b6f3c9bc01120ff66cecb305d5c04d7402a449ae518,206967,200,1,,2026-10-06T14:02:44.364232+00:00
CACD_2006,cursocacd,discursiva_pol_internacional,https://www.cursocacd.com/_files/ugd/06e458_ab5fd132a54140d3b4d40ff2c5008ba0.pdf,data\raw\CACD_2006\cursocacd\discursiva_pol_internacional__c9202dc2.pdf,21acb86e694aa4aa99447b2412540bdb414dbe954bcc516a7c3f58fc93587656,142924,200,1,,2026-10-06T14:02:45.520183+00:00
CACD_2006,cursocacd,discursiva_portugues,https://www.cursocacd.com/_files/ugd/06e458_346bfdae316148f1a2c827240d091789.pdf,data\raw\CACD_2006\cursocacd\discursiva_portugues__b27d93aa.pdf,03080e1b943bdb212f03e3a96da2f8607ba341de57bf780dd2d6760c11261303,195580,200,1,,2026-10-06T14:02:46.874107+00:00
CACD_2006,cursocacd,gabarito,https://www.cursocacd.com/_files/ugd/06e458_20e07b94305547eba6ebdfc304da0b82.pdf,data\raw\CACD_2006\cursocacd\gabarito__e6a8a527.pdf,1c3e769b7e839b4fe06b8a2a39a22f19999a29d5ce9783c8071c0b4712738d84,66368,200,1,,2026-10-06T14:02:48.128658+00:00
CACD_2006,cursocacd,guia_estudos,https://www.cursocacd.com/_files/ugd/06e458_f8432fdcb2a844e99f5cee5828809ffe.pdf,data\raw\CACD_2006\cursocacd\guia_estudos__507bfe8f.pdf,0f9773256b492c17a5c114574023e17d60b4e034fce3737bad70b39fe207a306,511483,200,1,,2026-10-06T14:02:49.601360+00:00
CACD_2006,cursocacd,prova_objetiva_1,https://www.cursocacd.com/_files/ugd/06e458_7a701bc77a0c4bffa09dc2426eeaa9cf.pdf,data\raw\CACD_2006\cursocacd\prova_objetiva_1__22639ac6.pdf,f5de101e39e2c614f2bcc408b66b4353ffd57f2a0518016e3482ea442dd44e2b,264091,200,1,,2026-10-06T14:02:50.940581+00:00
CACD_2006,cursocacd,prova_objetiva_2,https://www.cursocacd.com/_files/ugd/06e458_847054755afd47849307766d644fc318.pdf,data\raw\CACD_2006\cursocacd\prova_objetiva_2__a66197c4.pdf,58ab87cacf48d115626a3d4375091866ce0f46e730f1e7233de62cb465714031,262321,200,1,,2026-10-06T14:02:52.322221+00:00
CACD_2007,cursocacd,discursiva_direito,https://www.cursocacd.com/_files/ugd/06e458_a5b0272031f0443e8eba8b687a8ae429.pdf,data\raw\CACD_2007\cursocacd\discursiva_direito__5a34b250.pdf,be6fd0dccfe5133e2579bdfa857dbfd8f07daed7b9e5f7be4388cb095b220a38,379076,200,1,,2026-10-06T14:02:53.552236+00:00
CACD_2007,cursocacd,discursiva_economia,https://www.cursocacd.com/_files/ugd/06e458_b75bc9d8196c4f7287346999efb35680.pdf,data\raw\CACD_2007\cursocacd\discursiva_economia__826b9024.pdf,0e698a99732055c5648a99d1265d8ab0a7b87be0a0fd098bcace1a1ec7887755,625711,200,1,,2026-10-06T14:02:54.852846+00:00
CACD_2007,cursocacd,discursiva_espanhol_frances,https://www.cursocacd.com/_files/ugd/06e458_2445e749d6c046a8858e33d820ab65cc.pdf,data\raw\CACD_2007\cursocacd\discursiva_espanhol_frances__03bf8161.pdf,dc39160b4bf79f08185653fca5d0333d17ced041f633907b66b69ddd02b8896e,605441,200,1,,2026-10-06T14:02:56.773228+00:00
CACD_2007,cursocacd,discursiva_geografia,https://www.cursocacd.com/_files/ugd/06e458_fede4a432bac4a6f81e01c371c5022cd.pdf,data\raw\CACD_2007\cursocacd\discursiva_geografia__eea0b3f6.pdf,70507654dad7cab36c1913cdeca50b5562ff615800c7352ee77021a6adf121d1,2029605,200,1,,2026-10-06T14:02:58.167962+00:00
CACD_2007,cursocacd,discursiva_historia,https://www.cursocacd.com/_files/ugd/06e458_65e0f20731114e37a05e6130549e11ad.pdf,data\raw\CACD_2007\cursocacd\discursiva_historia__0f766089.pdf,5c7a6170d4fc22220da0123f81e5db6be710940daeaf7e73df53a259fb09f7c8,1651229,200,1,,2026-10-06T14:03:25.373913+00:00
CACD_2007,cursocacd,discursiva_ingles,https://www.cursocacd.com/_files/ugd/06e458_149b5f07c69c47b59ec31847c4a8a8e9.pdf,data\raw\CACD_2007\cursocacd\discursiva_ingles__1e34d992.pdf,8031941a967fec414eabe86a2e2c668b27357637f268ec115550da5501441362,399407,200,1,,2026-10-06T14:03:26.786712+00:00
CACD_2007,cursocacd,discursiva_pol_internacional,https://www.cursocacd.com/_files/ugd/06e458_c758781d10fb4abab15c6012b022fd0f.pdf,data\raw\CACD_2007\cursocacd\discursiva_pol_internacional__ef45924c.pdf,96120a64c0968b706063a696292151057d1ad2762bed7229c716d0efb6ee683b,465325,200,1,,2026-10-06T14:03:28.001328+00:00
CACD_2007,cursocacd,discursiva_portugues,https://www.cursocacd.com/_files/ugd/06e458_be21363260ca4264b9ccfe638c1a2ffe.pdf,data\raw\CACD_2007\cursocacd\discursiva_portugues__5a4f8da0.pdf,2e55475e829157c31e773877a4cd6e6b3a8bb9671fcd10a983cb1638f7810f91,2121558,200,1,,2026-10-06T14:03:29.854835+00:00
CACD_2007,cursocacd,gabarito,https://www.cursocacd.com/_files/ugd/06e458_6eaf605336d743569a2cf17c09cb80b8.pdf,data\raw\CACD_2007\cursocacd\gabarito__1cc9835e.pdf,2c06e990b02cd2bd64e0bf517b0042eb819227ecec33d302f8784440c7b29c97,52921,200,1,,2026-10-06T14:03:32.210273+00:00
CACD_2007,cursocacd,guia_estudos,https://www.cursocacd.com/_files/ugd/06e458_3cc6f14029ff49f580f195c2837bf970.pdf,data\raw\CACD_2007\cursocacd\guia_estudos__a9c14f91.pdf,fda2e0c11ebb1f0fd638b06961956ca05e6cc8cf73990339b71080984719472b,1234713,200,1,,2026-10-06T14:03:33.188174+00:00
CACD_2007,cursocacd,prova_objetiva_1,https://www.cursocacd.com/_files/ugd/06e458_971a63fbf5bb426ebfd909fe70704a5d.pdf,data\raw\CACD_2007\cursocacd\prova_objetiva_1__70b7d985.pdf,b465ed8e2b72269500eb89373b106d4adc107d25e72854e421d8d00a83d557bb,593503,200,1,,2026-10-06T14:03:34.868333+00:00
CACD_2007,cursocacd,prova_objetiva_2,https://www.cursocacd.com/_files/ugd/06e458_0392a02b6352403b9d8e8793c22254f4.pdf,data\raw\CACD_2007\cursocacd\prova_objetiva_2__28b91661.pdf,86589f1c7bb87808d64414294d083693436b3b644e37b76f8f89c8d37278abbb,551059,200,1,,2026-10-06T14:03:36.437571+00:00
CACD_2008,cursocacd,discursiva_direito,https://www.cursocacd.com/_files/ugd/06e458_1fd77fdcf82f42a1a12337bee297193f.pdf,data\raw\CACD_2008\cursocacd\discursiva_direito__61f6a3c4.pdf,39f46bd1fbefed0d7ffd4420ec2c826d2c1f12e0940469de3d66e820a01bf2b7,374244,200,1,,2026-10-06T14:03:37.742025+00:00
CACD_2008,cursocacd,discursiva_economia,https://www.cursocacd.com/_files/ugd/06e458_3d07ead3120c4c62a24f7d080100bc46.pdf,data\raw\CACD_2008\cursocacd\discursiva_economia__1a82aa3e.pdf,f216fa64dc12e36d8c57734313598e14684d50f5e0fd50b4dbec91d288b831cf,438017,200,1,,2026-10-06T14:03:39.049483+00:00
CACD_2008,cursocacd,discursiva_espanhol_frances,https://www.cursocacd.com/_files/ugd/06e458_aa22bc81cfb4414db0f19ff912672728.pdf,data\raw\CACD_2008\cursocacd\discursiva_espanhol_frances__d26e660e.pdf,72feb8a7523388e2614efeb40a84c9fcb7e49e9d9d7ad06ced29f6fc6d521c30,724174,200,1,,2026-10-06T14:03:41.027888+00:00
CACD_2008,cursocacd,discursiva_geografia,https://www.cursocacd.com/_files/ugd/06e458_986deb990ddb4f80ab4d59c28bcfca0b.pdf,data\raw\CACD_2008\cursocacd\discursiva_geografia__581e2502.pdf,9ff89cf879ac771811626019db074c073874ccb7463fbfbe08d48ca9266a31d6,324542,200,1,,2026-10-06T14:03:42.293843+00:00
CACD_2008,cursocacd,discursiva_historia,https://www.cursocacd.com/_files/ugd/06e458_371c63f34cda408082d7a09b035386a2.pdf,data\raw\CACD_2008\cursocacd\discursiva_historia__b379aec5.pdf,f91fbd4b1b2b4638f6b17f18c44b27c937e67f9be4018a1289398fdcdc9b297b,337169,200,1,,2026-10-06T14:03:43.966515+00:00
CACD_2008,cursocacd,discursiva_ingles,https://www.cursocacd.com/_files/ugd/06e458_8b9518da473840c6b5a0d6984ca1ccf4.pdf,data\raw\CACD_2008\cursocacd\discursiva_ingles__921449c4.pdf,0b36ab95b4c7fc7550a588bb86378a269e308eec4c94ebbe9766951a7967ebad,1254832,200,1,,2026-10-06T14:03:45.212240+00:00
CACD_2008,cursocacd,discursiva_pol_internacional,https://www.cursocacd.com/_files/ugd/06e458_0f432a71ac9f4954a7ac5cdea6778b2d.pdf,data\raw\CACD_2008\cursocacd\discursiva_pol_internacional__b72fcd6e.pdf,69b291931410692d1e0cb75be60a0761ee19150a9cce4d9e7a4fb6cee917187b,1254758,200,1,,2026-10-06T14:03:47.594306+00:00
CACD_2008,cursocacd,discursiva_portugues,https://www.cursocacd.com/_files/ugd/06e458_16bd4be2da3a45c7b9a396acf8d10069.pdf,data\raw\CACD_2008\cursocacd\discursiva_portugues__67a65fe8.pdf,4b05b8de9bdfbf8b197fd97950b120f75ac98b92452cedc09a0e80e67bdd753b,27023,200,1,,2026-10-06T14:03:49.680071+00:00
CACD_2008,cursocacd,gabarito,https://www.cursocacd.com/_files/ugd/06e458_03191d98384e46e788a1bbb0d114dd44.pdf,data\raw\CACD_2008\cursocacd\gabarito__7fd74fc6.pdf,64767b778d31757feafa56686ad880cf39fc51ffd4a4005d890fd58d583a1cd9,72055,200,1,,2026-10-06T14:03:50.637442+00:00
CACD_2008,cursocacd,guia_estudos,https://www.cursocacd.com/_files/ugd/06e458_a74f7481287b4d939b4fdd7c18eadc33.pdf,data\raw\CACD_2008\cursocacd\guia_estudos__388f8b99.pdf,cbda52a8dc407ab38816ba614c01846a9f1048419f4f389fc5dfe33b2473ac13,1168820,200,1,,2026-10-06T14:03:51.801435+00:00
CACD_2008,cursocacd,prova_objetiva_1,https://www.cursocacd.com/_files/ugd/06e458_494c7cffb7014e8987a912ba4bf9e3e7.pdf,data\raw\CACD_2008\cursocacd\prova_objetiva_1__514245fa.pdf,70e4364dbd0187f3d1737d289211a995fed8a941fae2921cd028456c72b29ffe,568421,200,1,,2026-10-06T14:03:53.344797+00:00
CACD_2008,cursocacd,prova_objetiva_2,https://www.cursocacd.com/_files/ugd/06e458_4c08c4774c294b80ad48d4c649309980.pdf,data\raw\CACD_2008\cursocacd\prova_objetiva_2__5827b408.pdf,983cb37eecb8099efa71525acc8eb36f343a485629a37cdeb700ad3ae8cb1ca0,425201,200,1,,2026-10-06T14:03:54.945364+00:00
CACD_2009,cursocacd,discursiva_direito,https://www.cursocacd.com/_files/ugd/06e458_6c77b469d459432b9a32ea79e6abdd69.pdf,data\raw\CACD_2009\cursocacd\discursiva_direito__cd14d6fb.pdf,8cdca289c561c6b3547b910f76916d0572d2d0c50b0bd982f5a363d655a2ece1,258458,200,1,,2026-10-06T14:03:56.131525+00:00
CACD_2009,cursocacd,discursiva_economia,https://www.cursocacd.com/_files/ugd/06e458_a51d9914aa1c404cbcce7f9332b6d950.pdf,data\raw\CACD_2009\cursocacd\discursiva_economia__19aa5abd.pdf,c2d85f879919b00954977dce5189fb7122e61d09f81b083e76e150e24bdabc33,1639959,200,1,,2026-10-06T14:03:57.323653+00:00
CACD_2009,cursocacd,discursiva_espanhol_frances,https://www.cursocacd.com/_files/ugd/06e458_e42e4efda872482f8b3992b6096da1c4.pdf,data\raw\CACD_2009\cursocacd\discursiva_espanhol_frances__a5adafd9.pdf,e8e42076b5515e4ca8bce9dffc42a312f734107b27618e9d6cde32c60cdc612c,1464090,200,1,,2026-10-06T14:03:59.476989+00:00
CACD_2009,cursocacd,discursiva_geografia,https://www.cursocacd.com/_files/ugd/06e458_0df168d9e7fe46d487d2bdeb1647cba0.pdf,data\raw\CACD_2009\cursocacd\discursiva_geografia__717979da.pdf,3f59fee994756f073effac4e8840aa37057397110ffc792fbd00b16fa5c8e78f,1639262,200,1,,2026-10-06T14:04:01.582900+00:00
CACD_2009,cursocacd,discursiva_historia,https://www.cursocacd.com/_files/ugd/06e458_f3c3d65c37e445e3be81bbd3e4a58c78.pdf,data\raw\CACD_2009\cursocacd\discursiva_historia__2725acde.pdf,a43725dd589fe04c71f0b61548ae88b88e3a69524fe449d05cb62ad90e7ce40b,1613363,200,1,,2026-10-06T14:04:03.444933+00:00
CACD_2009,cursocacd,discursiva_ingles,https://www.cursocacd.com/_files/ugd/06e458_c4c32ee57a104a6d900bbbeae83e46b3.pdf,data\raw\CACD_2009\cursocacd\discursiva_ingles__1b4551f8.pdf,0aae1b3d96e6737db8abb708da5724e88acde200010c99f1f7844f2ca70ba203,1801248,200,1,,2026-10-06T14:04:05.089239+00:00
CACD_2009,cursocacd,discursiva_pol_internacional,https://www.cursocacd.com/_files/ugd/06e458_66e5e0b5622143009152cbee0ac2a419.pdf,data\raw\CACD_2009\cursocacd\discursiva_pol_internacional__e4dae403.pdf,10a332f7605ea4b0bf7179f3a3eb6d74a1f09ba3102969312416da69636b2af8,1171805,200,1,,2026-10-06T14:04:07.008740+00:00
CACD_2009,cursocacd,discursiva_portugues,https://www.cursocacd.com/_files/ugd/06e458_30ee3f07402743b1b1c4d23c16dbe4e7.pdf,data\raw\CACD_2009\cursocacd\discursiva_portugues__19e54eee.pdf,a34310adf91b68159924fb2fccdb616e7e6b5e1c23e16d89ebe5f0e651003e6f,349685,200,1,,2026-10-06T14:04:09.272556+00:00
CACD_2009,cursocacd,gabarito,https://www.cursocacd.com/_files/ugd/06e458_a07ab4779a2a4b18a10079555351518c.pdf,data\raw\CACD_2009\cursocacd\gabarito__26c6a7a3.pdf,6a82607683faa4df7f861ac415b2a8d068994e0c4ae24e44d462f60a8c021994,110695,200,1,,2026-10-06T14:04:10.627895+00:00
CACD_2009,cursocacd,guia_estudos,https://www.cursocacd.com/_files/ugd/06e458_2833d94a6499417eb0b4c06625853a95.pdf,data\raw\CACD_2009\cursocacd\guia_estudos__97cf8e9f.pdf,6c144ef934fdfe3bda8d0017f133151b2fff1ad54612195e88bfb519e747a80c,1263763,200,1,,2026-10-06T14:04:11.771558+00:00
CACD_2009,cursocacd,prova_objetiva_1,https://www.cursocacd.com/_files/ugd/06e458_1a2144e1fbc24feb8c9025a1642ef9b0.pdf,data\raw\CACD_2009\cursocacd\prova_objetiva_1__041fa7c9.pdf,2ccbf268947432e05c229cba42e976d2c5882186c798863311728e6a5b10a6a6,380173,200,1,,2026-10-06T14:04:13.915011+00:00
CACD_2009,cursocacd,prova_objetiva_2,https://www.cursocacd.com/_files/ugd/06e458_6dd7b8bba20a46b6a4e8f66a4e6baa3e.pdf,data\raw\CACD_2009\cursocacd\prova_objetiva_2__4a818470.pdf,8c92da7abe5f6d02b19755a0827b1be8452958c8c95559992381d85806756f79,446819,200,1,,2026-10-06T14:04:15.305721+00:00
CACD_2010,cursocacd,discursiva_direito,https://www.cursocacd.com/_files/ugd/06e458_221ace5ebd874888ab2bfaa51371dfd5.pdf,data\raw\CACD_2010\cursocacd\discursiva_direito__3d2d59a7.pdf,a62cb65407414f6566b4840e34a71d2fcf72cfee7254bff03b758e94c7b55284,1387311,200,1,,2026-10-06T14:04:16.513434+00:00
CACD_2010,cursocacd,discursiva_economia,https://www.cursocacd.com/_files/ugd/06e458_f3993325c094464dbae6eadd78ab7f1c.pdf,data\raw\CACD_2010\cursocacd\discursiva_economia__3d12668d.pdf,b97e4f3db539a7d39df027a755c498a960131fd88d9f8ded70069bb16ef71029,1394410,200,1,,2026-10-06T14:04:18.414935+00:00
CACD_2010,cursocacd,discursiva_espanhol_frances,https://www.cursocacd.com/_files/ugd/06e458_63df766b81134234b26d029d89d44530.pdf,data\raw\CACD_2010\cursocacd\discursiva_espanhol_frances__398ca918.pdf,90cf1561125887da6b4331d215cdaf746808887ffef27ce71a67642d036c05a8,2591001,200,1,,2026-10-06T14:04:20.925725+00:00
CACD_2010,cursocacd,discursiva_geografia,https://www.cursocacd.com/_files/ugd/06e458_62ba4ab540f844fe9d5a2b11d3564615.pdf,data\raw\CACD_2010\cursocacd\discursiva_geografia__198bee46.pdf,c0171f0058e566a7026c43ddb40db81f493c950b3b01232c8886f19b19ca6850,226182,200,1,,2026-10-06T14:04:22.894607+00:00
CACD_2010,cursocacd,discursiva_historia,https://www.cursocacd.com/_files/ugd/06e458_baaac90446694d598d3e4ea1ac3c2500.pdf,data\raw\CACD_2010\cursocacd\discursiva_historia__c4f0c858.pdf,0018e9ce33f59dda59fd8b9072597e248f7d2d8acf62bbd781849fa4b1446463,229058,200,1,,2026-10-06T14:04:24.456033+00:00
CACD_2010,cursocacd,discursiva_ingles,https://www.cursocacd.com/_files/ugd/06e458_c5b425d6c36643efbe5c5afba13c3b9c.pdf,data\raw\CACD_2010\cursocacd\discursiva_ingles__bad5cbe7.pdf,02cedc797b95cadd585c86a7fe7e35cac3b64149b50a54aeab9dd5165c6ecdfd,1444070,200,1,,2026-10-06T14:04:25.881321+00:00
CACD_2010,cursocacd,discursiva_pol_internacional,https://www.cursocacd.com/_files/ugd/06e458_2bb38fd9cc9c4c9389df8dc06f1d0fe1.pdf,data\raw\CACD_2010\cursocacd\discursiva_pol_internacional__4f38bd50.pdf,ec2d7dac0eb2773c0daafd70c955762d665b22f2e281fd7102d14ed3b09a343c,1393379,200,1,,2026-10-06T14:04:27.409131+00:00
CACD_2010,cursocacd,discursiva_portugues,https://www.cursocacd.com/_files/ugd/06e458_cc2495e141fc4f2589e2d9e9c3099af8.pdf,data\raw\CACD_2010\cursocacd\discursiva_portugues__fe6ce052.pdf,07c26cec7be0b602453d3635e4d62cac63b87dc314a2907ab091333b0e4b9c47,327254,200,1,,2026-10-06T14:04:29.496463+00:00
CACD_2010,cursocacd,gabarito,https://www.cursocacd.com/_files/ugd/06e458_51f8f125c51d4dfb803cc345dbc21f94.pdf,data\raw\CACD_2010\cursocacd\gabarito__81a90c50.pdf,faf6d4251411d1a9c23185c4896b013a8a6bded21da37370418b9281bd55430f,95360,200,1,,2026-10-06T14:04:30.562030+00:00
CACD_2010,cursocacd,guia_estudos,https://www.cursocacd.com/_files/ugd/06e458_cf38bd2288184f0eb03262043fa8472d.pdf,data\raw\CACD_2010\cursocacd\guia_estudos__4ca184c0.pdf,ac1c7957691eee0a51b3dda92d053540945aef245d719d895cb5b6c4ee004056,664163,200,1,,2026-10-06T14:04:31.686054+00:00
CACD_2010,cursocacd,prova_objetiva_1,https://www.cursocacd.com/_files/ugd/06e458_9ee3dea5f9b7452db95ccde89484fe20.pdf,data\raw\CACD_2010\cursocacd\prova_objetiva_1__a6d11364.pdf,3d657d4b7ec02f8b1d4bc34eae6888c463cd442e56421666238d5f21e61b13b8,556716,200,1,,2026-10-06T14:04:33.207358+00:00
CACD_2010,cursocacd,prova_objetiva_2,https://www.cursocacd.com/_files/ugd/06e458_5cc49c56dd204516a0d1d9806932f32f.pdf,data\raw\CACD_2010\cursocacd\prova_objetiva_2__09bca895.pdf,7f7eaec51340a49aa93d47ce9d502c5d264b395ecf94d5cf80b3d2a1c5894131,551392,200,1,,2026-10-06T14:04:34.642360+00:00
CACD_2011,cursocacd,discursiva_direito,https://www.cursocacd.com/_files/ugd/06e458_35a3d4f794464608b552a8f02538d8e0.pdf,data\raw\CACD_2011\cursocacd\discursiva_direito__5c6b72d5.pdf,70aa9acbd4b8c38c2869e8f4f46f12df0b7f3996153c7459598614f89d975b23,349121,200,1,,2026-10-06T14:04:35.877151+00:00
CACD_2011,cursocacd,discursiva_economia,https://www.cursocacd.com/_files/ugd/06e458_6370e6a8f8ba491d8ad62fa1c536d5e3.pdf,data\raw\CACD_2011\cursocacd\discursiva_economia__41e1ef16.pdf,f6849e2eac0d76b9519e53a411ef04bf3aa87d1c173d629b26788e927118d421,259252,200,1,,2026-10-06T14:04:37.609369+00:00
CACD_2011,cursocacd,discursiva_espanhol_frances,https://www.cursocacd.com/_files/ugd/06e458_f9fdf0863a81418585dfcfbd368ed479.pdf,data\raw\CACD_2011\cursocacd\discursiva_espanhol_frances__3c29c613.pdf,7e35bfd96322ca2361dd3845fe99a48b84f3e01914124b3d7cd97adc983f4a9d,352554,200,1,,2026-10-06T14:04:38.975618+00:00
CACD_2011,cursocacd,discursiva_geografia,https://www.cursocacd.com/_files/ugd/06e458_01da693821f345eb89f65374686e37bd.pdf,data\raw\CACD_2011\cursocacd\discursiva_geografia__f2f418fd.pdf,febb839318484f1bf4b365d3a3413f2ea5894ae63dc5746810f4f1a2c917c912,1467901,200,1,,2026-10-06T14:04:40.828522+00:00
CACD_2011,cursocacd,discursiva_historia,https://www.cursocacd.com/_files/ugd/06e458_14b7e8af6c314518b287093ed9a66dd6.pdf,data\raw\CACD_2011\cursocacd\discursiva_historia__80a68bdc.pdf,10d38c5ec126d23593c340c279c1b1766abd504e34cfc385f6186833358193e9,404016,200,1,,2026-10-06T14:04:42.994846+00:00
CACD_2011,cursocacd,discursiva_ingles,https://www.cursocacd.com/_files/ugd/06e458_7fc2e3f86b1b4eb9b0f622935c29a637.pdf,data\raw\CACD_2011\cursocacd\discursiva_ingles__a6a829e0.pdf,12ffa5860c6fde43d902d023875082a13720c2dae83b92cdce7934802a622739,438388,200,1,,2026-10-06T14:04:44.240464+00:00
CACD_2011,cursocacd,discursiva_pol_internacional,https://www.cursocacd.com/_files/ugd/06e458_2d6b56d61ee9476c8262e5d179bc66b3.pdf,data\raw\CACD_2011\cursocacd\discursiva_pol_internacional__4d27a977.pdf,2862885b9602f85ebc3f14b14bc2986ba45f111e5d7cd13070696472137aa864,1481144,200,1,,2026-10-06T14:04:45.998196+00:00
CACD_2011,cursocacd,discursiva_portugues,https://www.cursocacd.com/_files/ugd/06e458_1c81b311c40c481980d23db16c245282.pdf,data\raw\CACD_2011\cursocacd\discursiva_portugues__6beb8d58.pdf,3a997b084f3e5f0b6e324753078270c0aadcd9cb7917e80896bc0e9b28705694,282397,200,1,,2026-10-06T14:04:47.767805+00:00
CACD_2011,cursocacd,gabarito,https://www.cursocacd.com/_files/ugd/06e458_2e00a811d1184d879fa4dc983b994048.pdf,data\raw\CACD_2011\cursocacd\gabarito__b57290a0.pdf,cfa4ee5f91c4194f134891212dab4fe22269aa706a5c1d8c9bb8428ec35da4a0,181370,200,1,,2026-10-06T14:04:49.483340+00:00
CACD_2011,cursocacd,guia_estudos,https://www.cursocacd.com/_files/ugd/06e458_e0f17ea62aee4ad6a0109a110c85333c.pdf,data\raw\CACD_2011\cursocacd\guia_estudos__b9aaf66b.pdf,0226d20f83bd851087a9867eb1908de19b4e5d3f622545252a59d70f2aa975ac,506971,200,1,,2026-10-06T14:04:50.722794+00:00
CACD_2011,cursocacd,prova_objetiva_1,https://www.cursocacd.com/_files/ugd/06e458_7cf7d0d2e7cd40c5bea88508b5d016f9.pdf,data\raw\CACD_2011\cursocacd\prova_objetiva_1__45d07e31.pdf,811b0fa9e116ff7160c6487c4b95000b728ee92f7ac2383e4af365c7c502c165,2663214,200,1,,2026-10-06T14:04:51.939738+00:00
CACD_2011,cursocacd,prova_objetiva_2,https://www.cursocacd.com/_files/ugd/06e458_1edbe1d0f8064af98e49efa40b1dab20.pdf,data\raw\CACD_2011\cursocacd\prova_objetiva_2__ae834e15.pdf,554dc7409b6a2c17e7dc06a1e51e48d7c8b5bfb386f227bc7d0182bf8fec679a,2649235,200,1,,2026-10-06T14:04:53.858817+00:00
CACD_2012,cursocacd,discursiva_direito,https://www.cursocacd.com/_files/ugd/06e458_2c4262debb3f469f9188db698419f143.pdf,data\raw\CACD_2012\cursocacd\discursiva_direito__451e6687.pdf,2299005ba768b324c00b04bd902ccfddebfbfba82c949f00c9a78633b3be5926,253079,200,1,,2026-10-06T14:04:55.660280+00:00
CACD_2012,cursocacd,discursiva_economia,https://www.cursocacd.com/_files/ugd/06e458_85fbb57c65874bc5b96bf7325887156c.pdf,data\raw\CACD_2012\cursocacd\discursiva_economia__758c1a71.pdf,4aa98e8d32d02cb5c26f56144399f586d6bd0e0bf50070bbebea759ac2598873,252325,200,1,,2026-10-06T14:04:57.241315+00:00
CACD_2012,cursocacd,discursiva_espanhol_frances,https://www.cursocacd.com/_files/ugd/06e458_56c2d471e60649a8b4f390b96f2469c4.pdf,data\raw\CACD_2012\cursocacd\discursiva_espanhol_frances__323012e2.pdf,98505861c52ae569b5b20351327fe46437817aab8abf1916687aea72993e72df,258686,200,1,,2026-10-06T14:04:58.448501+00:00
CACD_2012,cursocacd,discursiva_geografia,https://www.cursocacd.com/_files/ugd/06e458_d3addf8b1569467ebdcd6e790c8cdf05.pdf,data\raw\CACD_2012\cursocacd\discursiva_geografia__6f77f2d0.pdf,8a7f67c84e31e42df237ee0da1976ecc8fccdd90cf26a62f0d9d25d88ba04cad,233193,200,1,,2026-10-06T14:04:59.697097+00:00
CACD_2012,cursocacd,discursiva_historia,https://www.cursocacd.com/_files/ugd/06e458_972823a0095f42d7ab0e227e85a1d76f.pdf,data\raw\CACD_2012\cursocacd\discursiva_historia__da32841c.pdf,bb25586fcaea4464e59a3b5c6cd3d769f3fb98e7c6ab1b5e0cdaf2f36c06d242,1067650,200,1,,2026-10-06T14:05:01.305772+00:00
CACD_2012,cursocacd,discursiva_ingles,https://www.cursocacd.com/_files/ugd/06e458_2495af5a9c384bd68c1950eb3d214989.pdf,data\raw\CACD_2012\cursocacd\discursiva_ingles__b8d96e21.pdf,c2278188a5eb58d67659873244848df14325243a2b1f140e3355b8921874ad33,1199998,200,1,,2026-10-06T14:05:02.424318+00:00
CACD_2012,cursocacd,discursiva_pol_internacional,https://www.cursocacd.com/_files/ugd/06e458_3ece09a8bedf40529072213d35d75c55.pdf,data\raw\CACD_2012\cursocacd\discursiva_pol_internacional__d78d077b.pdf,fef5f32c510b7ab1d3abf84deaddf056aff734858645d1bccc616efb4b612fc4,241002,200,1,,2026-10-06T14:05:04.093912+00:00
CACD_2012,cursocacd,discursiva_portugues,https://www.cursocacd.com/_files/ugd/06e458_cc46e5df69c84c86bfeb7cb0ff66f105.pdf,data\raw\CACD_2012\cursocacd\discursiva_portugues__224ac159.pdf,6ebe734ef583ba41b1c619f114958b41b157f5b18a249021f76bca25d5206e2b,186180,200,1,,2026-10-06T14:05:05.268600+00:00
CACD_2012,cursocacd,gabarito,https://www.cursocacd.com/_files/ugd/06e458_d727e206bd394e358ab0274644247b26.pdf,data\raw\CACD_2012\cursocacd\gabarito__e76b1501.pdf,10ee9762439e0407ff4ae5cc18df3c70f478b54c111cc9e868274838dbb26b74,407749,200,1,,2026-10-06T14:05:06.460309+00:00
CACD_2012,cursocacd,guia_estudos,https://www.cursocacd.com/_files/ugd/06e458_bb3f56a93fc2449cac7b6dd55878d1b8.pdf,data\raw\CACD_2012\cursocacd\guia_estudos__7a7e29cf.pdf,cb5b950b8e784bd285fc0fc311ae57e0be3cfff726e27ab89901b0f576c35da9,583222,200,1,,2026-10-06T14:05:07.498811+00:00
CACD_2012,cursocacd,prova_objetiva_1,https://www.cursocacd.com/_files/ugd/06e458_8c06b6afa8b04fb5826fcc44927c69dc.pdf,data\raw\CACD_2012\cursocacd\prova_objetiva_1__b8dc0329.pdf,2d7ff05f9f5fdec0b9430c2d0117a344d508b69f66b3a356af38d934abf90067,295100,200,1,,2026-10-06T14:05:08.928557+00:00
CACD_2012,cursocacd,prova_objetiva_2,https://www.cursocacd.com/_files/ugd/06e458_ef6dd4709aa4468c8b361608f80fcc9b.pdf,data\raw\CACD_2012\cursocacd\prova_objetiva_2__9c8348a8.pdf,eeaa0edd152980cee7142dd7709d4a9e7aadee5564f4fe272c07ebb068526feb,1459436,200,1,,2026-10-06T14:05:10.091135+00:00
CACD_2013,cursocacd,discursiva_direito,https://www.cursocacd.com/_files/ugd/06e458_6e2995fe874540f4a4cbd338618eb7ba.pdf,data\raw\CACD_2013\cursocacd\discursiva_direito__dbce4ee5.pdf,0c2b16cb9f9fe0e890c5031b1a40e2544a35009dfed18d409cc5bc967ec1c40a,707155,200,1,,2026-10-06T14:05:11.338385+00:00
CACD_2013,cursocacd,discursiva_economia,https://www.cursocacd.com/_files/ugd/06e458_9ce40a907ccc4ff5ad006f992abda294.pdf,data\raw\CACD_2013\cursocacd\discursiva_economia__32673f06.pdf,f2e6150f62b38aab4806d76c59ad516207d46bf6c568824779b602a2fbbd4ae6,745057,200,1,,2026-10-06T14:05:12.851262+00:00
CACD_2013,cursocacd,discursiva_espanhol_frances,https://www.cursocacd.com/_files/ugd/06e458_1e45072327ff468ab449f63d63a83e79.pdf,data\raw\CACD_2013\cursocacd\discursiva_espanhol_frances__7950e2cb.pdf,a63bef174bb4596edac0c32fd0cc9cb6419d245c0052821a96954c05851c5eb5,774813,200,1,,2026-10-06T14:05:14.414244+00:00
CACD_2013,cursocacd,discursiva_geografia,https://www.cursocacd.com/_files/ugd/06e458_2b404a3d4b2641449f5264ec74532ca4.pdf,data\raw\CACD_2013\cursocacd\discursiva_geografia__92c19ed3.pdf,77b20850b93110aaa6ce09b1dc88801409d2d948f526f711753a2787bdf481d0,1780345,200,1,,2026-10-06T14:05:15.954912+00:00
CACD_2013,cursocacd,discursiva_historia,https://www.cursocacd.com/_files/ugd/06e458_fbbd8f8fc8b449b1b553fcf2b8b69c33.pdf,data\raw\CACD_2013\cursocacd\discursiva_historia__f0a3fd79.pdf,aaf5b96632aa487f67fe7da14dc7ac9480020f449e42423998cd4e516fbb839d,1889423,200,1,,2026-10-06T14:05:17.729232+00:00
CACD_2013,cursocacd,discursiva_ingles,https://www.cursocacd.com/_files/ugd/06e458_b9a1504c29d240839346ec2937b0c385.pdf,data\raw\CACD_2013\cursocacd\discursiva_ingles__2a3dad2b.pdf,7f412e8e3e321fd6772eacacb4ed5b0196d296d4e4a789829187c898261c940a,2006274,200,1,,2026-10-06T14:05:19.311491+00:00
CACD_2013,cursocacd,discursiva_pol_internacional,https://www.cursocacd.com/_files/ugd/06e458_9be5523b890a47cba18427f26b617e4f.pdf,data\raw\CACD_2013\cursocacd\discursiva_pol_internacional__57311c58.pdf,da9ae2d64daff470be36ff6fa15ec576deadd70f6a401349d1b0bc73d1609bf9,1759148,200,1,,2026-10-06T14:05:21.155833+00:00
CACD_2013,cursocacd,discursiva_portugues,https://www.cursocacd.com/_files/ugd/06e458_e0665c0a1bbc47df9d2918f1ce1d708d.pdf,data\raw\CACD_2013\cursocacd\discursiva_portugues__11e4da1a.pdf,cddf92bb82125ac8bab9bf987d4a8442ec924719cf626f218ebba08fd6f5a12b,268437,200,1,,2026-10-06T14:05:23.255399+00:00
CACD_2013,cursocacd,gabarito,https://www.cursocacd.com/_files/ugd/06e458_c894e674de6c41edb893aa832af78d48.pdf,data\raw\CACD_2013\cursocacd\gabarito__bf7f4415.pdf,175711ccbd746c54b3ed8dda0a6f7d4fe85647de14b1404e96a71b303a2239b0,203536,200,1,,2026-10-06T14:05:24.510319+00:00
CACD_2013,cursocacd,guia_estudos,https://www.cursocacd.com/_files/ugd/06e458_06c559085c9c46c0a3075325628e39c3.pdf,data\raw\CACD_2013\cursocacd\guia_estudos__e5d15dc2.pdf,20c8a8a2a363a232caf84a803a8b4466750a5837e90886836775bd26c3a56cb9,2498473,200,1,,2026-10-06T14:05:25.561591+00:00
CACD_2013,cursocacd,prova_objetiva_1,https://www.cursocacd.com/_files/ugd/06e458_9d244458875d441ab96beade0856a7c3.pdf,data\raw\CACD_2013\cursocacd\prova_objetiva_1__52cfb219.pdf,6a8d53aa4fe4aae9769c41afc8fc6f1713699e0a9c1d9d7127e916aaad619155,360042,200,1,,2026-10-06T14:05:28.224876+00:00
CACD_2013,cursocacd,prova_objetiva_2,https://www.cursocacd.com/_files/ugd/06e458_09b4f960d6474e298b31e952b6afe09b.pdf,data\raw\CACD_2013\cursocacd\prova_objetiva_2__7f084ea4.pdf,b8534888bb378992f6616b09b8da753d01cc7e09dc034367d2d3224e8a64e8dc,380109,200,1,,2026-10-06T14:05:29.422383+00:00
CACD_2014,cursocacd,discursiva_direito,https://www.cursocacd.com/_files/ugd/06e458_96a2704f49064134bc9910fe9b63bc0d.pdf,data\raw\CACD_2014\cursocacd\discursiva_direito__40709b2f.pdf,c7239a53c954c0a0bcdc9a179fc0574bf9b80f4a0524237f99b1df4313d3fbb2,1195850,200,1,,2026-10-06T14:05:30.704530+00:00
CACD_2014,cursocacd,discursiva_economia,https://www.cursocacd.com/_files/ugd/06e458_7f3336d6ee434fe9b0a839fdecad2643.pdf,data\raw\CACD_2014\cursocacd\discursiva_economia__95dc7b87.pdf,48c65fbeff29b14fd3fd463780ee52411bd73f7d56ba86b2f26c6ce7d9415a07,1149157,200,1,,2026-10-06T14:05:31.951331+00:00
CACD_2014,cursocacd,discursiva_espanhol_frances,https://www.cursocacd.com/_files/ugd/06e458_431af094d93a476da2ac4401c1d9f016.pdf,data\raw\CACD_2014\cursocacd\discursiva_espanhol_frances__6ee2129f.pdf,1c16af7008265eb1d9c87878da972781aafe87f7c6ee91c203b9d2ba6df85592,2818622,200,1,,2026-10-06T14:05:33.203694+00:00
CACD_2014,cursocacd,discursiva_geografia,https://www.cursocacd.com/_files/ugd/06e458_fee4f4ca5a754ff4859c0773eb0fab27.pdf,data\raw\CACD_2014\cursocacd\discursiva_geografia__8b60c38a.pdf,c36d6dbdb98545ce656312767e1a91ad45bdb396c57ddd986f8980819e9c2dc2,2418308,200,1,,2026-10-06T14:05:35.053777+00:00
CACD_2014,cursocacd,discursiva_historia,https://www.cursocacd.com/_files/ugd/06e458_6bf9465c709644d69ac8a708d530f117.pdf,data\raw\CACD_2014\cursocacd\discursiva_historia__773194ed.pdf,1999d505c32f75c0f6acac23502b339bbb9e56a0923442bbb216ddb27529911a,632091,200,1,,2026-10-06T14:05:36.669659+00:00
CACD_2014,cursocacd,discursiva_ingles,https://www.cursocacd.com/_files/ugd/06e458_c3fc7f4530ba43838266d853a9c983d8.pdf,data\raw\CACD_2014\cursocacd\discursiva_ingles__e412300a.pdf,5d712b5a00a107c751ed690564e096652e84bc439d2ab58a9b2eea44b175b37f,1419564,200,1,,2026-10-06T14:05:37.949482+00:00
CACD_2014,cursocacd,discursiva_pol_internacional,https://www.cursocacd.com/_files/ugd/06e458_a662bf3ea3584748b68be5ff612a60ad.pdf,data\raw\CACD_2014\cursocacd\discursiva_pol_internacional__8a2f39fe.pdf,6a741ea7c6be759c0be88d931588708b97e9f9ae7f35f21766e18551d9b18251,1941748,200,1,,2026-10-06T14:05:39.702988+00:00
CACD_2014,cursocacd,discursiva_portugues,https://www.cursocacd.com/_files/ugd/06e458_f45a8a33f5ed46f8a17e0161cc995e96.pdf,data\raw\CACD_2014\cursocacd\discursiva_portugues__fdc01653.pdf,86246c37a6832d9b6d007a4cb16e62273fba13876f87bad456920ba5577c22fd,532268,200,1,,2026-10-06T14:05:41.277743+00:00
CACD_2014,cursocacd,gabarito,https://www.cursocacd.com/_files/ugd/06e458_3135cfb752844e50a7d23296ea905bf7.pdf,data\raw\CACD_2014\cursocacd\gabarito__6bbf8b18.pdf,989aeff7b1112f3310f3097d9d0771aac515544b43d5f1f298e91bbbb5a2be69,270342,200,1,,2026-10-06T14:05:42.467238+00:00
CACD_2014,cursocacd,guia_estudos,https://www.cursocacd.com/_files/ugd/06e458_e029a9b144cb43cba24633e9725f1fd3.pdf,data\raw\CACD_2014\cursocacd\guia_estudos__d4862fc6.pdf,91d744b19a77a2f6a271c3237688619b09efce0a6dd254b6abd503e913cd5ac1,1151001,200,1,,2026-10-06T14:05:43.707965+00:00
CACD_2014,cursocacd,prova_objetiva_1,https://www.cursocacd.com/_files/ugd/06e458_7b986084fea940cc988ab0670cf4452b.pdf,data\raw\CACD_2014\cursocacd\prova_objetiva_1__6d84e2df.pdf,69bfb14c7255e50fa928fab64f0c050f39c720a6f8a884b08700f2b81325f534,300725,200,1,,2026-10-06T14:05:45.118146+00:00
CACD_2014,cursocacd,prova_objetiva_2,https://www.cursocacd.com/_files/ugd/06e458_980bb6333bc046a3aceb4f7a52524f3f.pdf,data\raw\CACD_2014\cursocacd\prova_objetiva_2__f77b2fa7.pdf,4054f37012c3c368afa71a29e39431068c0e0db7c4dab9fd89db5940083a5b7a,293305,200,1,,2026-10-06T14:05:46.321509+00:00
CACD_2015,cursocacd,discursiva_direito,https://www.cursocacd.com/_files/ugd/06e458_74691511fb3444449cedadb9072b830d.pdf,data\raw\CACD_2015\cursocacd\discursiva_direito__bd6d4a50.pdf,7778b3cb3d17c189dad64be20453a87bf39f5a54650caf87e558619abbbb61c9,49270,200,1,,2026-10-06T14:05:47.446843+00:00
CACD_2015,cursocacd,discursiva_economia,https://www.cursocacd.com/_files/ugd/06e458_eb28274c79924190bbdb91e704dc4c03.pdf,data\raw\CACD_2015\cursocacd\discursiva_economia__899f4f0e.pdf,dc49da6855c82c2288ad58060e62d21e49836247a06b842edb9e08a2146e4436,212937,200,1,,2026-10-06T14:05:48.613649+00:00
CACD_2015,cursocacd,discursiva_espanhol_frances,https://www.cursocacd.com/_files/ugd/06e458_bf86c94cf7e34b819822c356bf47df11.pdf,data\raw\CACD_2015\cursocacd\discursiva_espanhol_frances__a20ce86c.pdf,bf572c2bb41c1a0907790e5e54b3e809715b2b26cda1fe6a99994bacf08b99c7,149719,200,1,,2026-10-06T14:05:49.793236+00:00
CACD_2015,cursocacd,discursiva_geografia,https://www.cursocacd.com/_files/ugd/06e458_1194ee0fcbe741268ebfcdbee8f2957c.pdf,data\raw\CACD_2015\cursocacd\discursiva_geografia__ba8f53c9.pdf,a9119cca7e5a3fa9024000d1432990511f4eeaac0cf41190cd2c17ece7ff6da2,77504,200,1,,2026-10-06T14:05:51.019894+00:00
CACD_2015,cursocacd,discursiva_historia,https://www.cursocacd.com/_files/ugd/06e458_17aef3d5bb28400984956c7e6e2f6c3d.pdf,data\raw\CACD_2015\cursocacd\discursiva_historia__4be01edc.pdf,137afd792ebb9df2890ba75642e19f719ece9af1516d2793be20269c1552b4ec,134603,200,1,,2026-10-06T14:05:52.365069+00:00
CACD_2015,cursocacd,discursiva_ingles,https://www.cursocacd.com/_files/ugd/06e458_0c508aae03f041fbaec2b60cf176976d.pdf,data\raw\CACD_2015\cursocacd\discursiva_ingles__f7feb51f.pdf,120d38a7ed48134e42343349edfd3ea34080c3dc09ef4aea77e594799be01207,169522,200,1,,2026-10-06T14:05:53.980298+00:00
CACD_2015,cursocacd,discursiva_pol_internacional,https://www.cursocacd.com/_files/ugd/06e458_202a18505e2242cda281d92b39894bd4.pdf,data\raw\CACD_2015\cursocacd\discursiva_pol_internacional__3763d4c3.pdf,dbc699b63d1017ee5a0d2568b53610d8034336a914311c9c6e8b3d61ce0a6caa,66919,200,1,,2026-10-06T14:05:55.394421+00:00
CACD_2015,cursocacd,discursiva_portugues,https://www.cursocacd.com/_files/ugd/06e458_6d2d7517b6924d70bc06ea40813defc7.pdf,data\raw\CACD_2015\cursocacd\discursiva_portugues__7c736c53.pdf,c11cf76381ef394571a26c1ab3da08a71e30d60aa02a66f330d432144bd26dde,203056,200,1,,2026-10-06T14:05:56.476858+00:00
CACD_2015,cursocacd,gabarito,https://www.cursocacd.com/_files/ugd/06e458_3f1afe8266d3474db7a765cc0b449bf2.pdf,data\raw\CACD_2015\cursocacd\gabarito__0ec234d8.pdf,3b41e7e19c98edd16c90350ce66ac7b245d8cf4634d81cec0208a7158e796fa2,189637,200,1,,2026-10-06T14:05:57.664418+00:00
CACD_2015,cursocacd,guia_estudos,https://www.cursocacd.com/_files/ugd/06e458_f2f16c2d7c684243830b2bd595872f6e.pdf,data\raw\CACD_2015\cursocacd\guia_estudos__bde7b5d0.pdf,86b9b00040b9c61294a98395d993f91cfc6951bdbcd4d3eb78184efd5faba452,11740073,200,1,,2026-10-06T14:05:58.935373+00:00
CACD_2015,cursocacd,prova_objetiva_1,https://www.cursocacd.com/_files/ugd/06e458_9cc49d97eda14bddba3eee0d221ce034.pdf,data\raw\CACD_2015\cursocacd\prova_objetiva_1__aedfc3c9.pdf,39e077a664009c5efbd00763a02213fe18d888b997ed54c6521339aba706d208,134601,200,1,,2026-10-06T14:08:06.307643+00:00
CACD_2015,cursocacd,prova_objetiva_2,https://www.cursocacd.com/_files/ugd/06e458_c9d42a1985144027ad56d3ccd1f8c217.pdf,data\raw\CACD_2015\cursocacd\prova_objetiva_2__8f71eac6.pdf,8da3e3e13bf683843a87fb23600944d4b3e80ed524d63f05a56c0fd16bb43851,266081,200,1,,2026-10-06T14:08:07.393602+00:00
CACD_2016,cursocacd,discursiva_direito,https://www.cursocacd.com/_files/ugd/06e458_d316fb4cf57b4710a0937f440ec7bb5b.pdf,data\raw\CACD_2016\cursocacd\discursiva_direito__6df17884.pdf,8652a1400d874fbf6602b6bd561fcd14c8558f74d9980734382065195070e6ac,78493,200,1,,2026-10-06T14:08:10.523411+00:00
CACD_2016,cursocacd,discursiva_economia,https://www.cursocacd.com/_files/ugd/06e458_06f1dcaa517c4f58abb194b97f59bc83.pdf,data\raw\CACD_2016\cursocacd\discursiva_economia__86884638.pdf,b2a681d9f2b40e9374c4a9644981c2f81e6bf25aff7cd6546f04aa1355f3d055,78077,200,1,,2026-10-06T14:08:11.618235+00:00
CACD_2016,cursocacd,discursiva_espanhol_frances,https://www.cursocacd.com/_files/ugd/06e458_91e1256d485149209663d4330c85a83e.pdf,data\raw\CACD_2016\cursocacd\discursiva_espanhol_frances__635d7fa4.pdf,d5d0bf3c8731a5fe63f9e9957bac965668cdc84b4ef73d38ea76e5df25d0d998,495853,200,1,,2026-10-06T14:08:12.950392+00:00
CACD_2016,cursocacd,discursiva_geografia,https://www.cursocacd.com/_files/ugd/06e458_4f3df9f4eee04193b052190468520248.pdf,data\raw\CACD_2016\cursocacd\discursiva_geografia__2f47ef7f.pdf,f6146ff4498277152b83596a0532e70f1872f963fd43a53e1f8b26338b7b6d28,51979,200,1,,2026-10-06T14:08:14.569126+00:00
CACD_2016,cursocacd,discursiva_historia,https://www.cursocacd.com/_files/ugd/06e458_80b927356f8e433ca0775b0be8a9e550.pdf,data\raw\CACD_2016\cursocacd\discursiva_historia__3c6f05be.pdf,cb8b8d08ce4192f29f6f3e01fe889000701c47c6eb21182deccb148866d12fb5,73770,200,1,,2026-10-06T14:08:15.691627+00:00
CACD_2016,cursocacd,discursiva_ingles,https://www.cursocacd.com/_files/ugd/06e458_d05a55e42faf4feca97abe2af4f44d6e.pdf,data\raw\CACD_2016\cursocacd\discursiva_ingles__b6fe8a27.pdf,96b72e6ae5d221e9aeb8f50240904c27ed3950f3bfef2dee36b016948e6c1c1c,76572,200,1,,2026-10-06T14:08:17.032655+00:00
CACD_2016,cursocacd,discursiva_pol_internacional,https://www.cursocacd.com/_files/ugd/06e458_4947d0b9f93947ec9238babc38011db4.pdf,data\raw\CACD_2016\cursocacd\discursiva_pol_internacional__e2070e02.pdf,558848c52bde1c8179d19969258090d5d729b56fa4c0c469d9c0d8622c61730c,54647,200,1,,2026-10-06T14:08:18.115925+00:00
CACD_2016,cursocacd,discursiva_portugues,https://www.cursocacd.com/_files/ugd/06e458_3f0694df1e034434af1f4b097ac66e57.pdf,data\raw\CACD_2016\cursocacd\discursiva_portugues__a453ac4f.pdf,9caf91dbaa38dfb98b360fc175e50833106226a24e9613a8d97bb1d680c608ab,71319,200,1,,2026-10-06T14:08:19.238540+00:00
CACD_2016,cursocacd,gabarito,https://www.cursocacd.com/_files/ugd/06e458_e864f0d670044223bdcba02a78a41c5e.pdf,data\raw\CACD_2016\cursocacd\gabarito__3f176f16.pdf,47c3ca01b503bef91acdaaa287f66f7612c4c503d393bb4b12305c0ff9080dd9,429444,200,1,,2026-10-06T14:08:20.420985+00:00
CACD_2016,cursocacd,guia_estudos,https://www.cursocacd.com/_files/ugd/06e458_c9c016658ef643bcb9a9fc092febba4f.pdf,data\raw\CACD_2016\cursocacd\guia_estudos__93ee7cf8.pdf,d8c186250aebbd5d6a424406b5b3cfe7fe67e370c8972f3a825993ce2ac3730b,2674009,200,1,,2026-10-06T14:08:21.954021+00:00
CACD_2016,cursocacd,prova_objetiva_1,https://www.cursocacd.com/_files/ugd/06e458_2020c20d7b994917b2fa285b284c6194.pdf,data\raw\CACD_2016\cursocacd\prova_objetiva_1__52fbb9d6.pdf,9d90dbdabee149617994d3b8e1dbe45de1234e9974c6f6943d5dc2e2964e870f,120622,200,1,,2026-10-06T14:08:23.959233+00:00
CACD_2016,cursocacd,prova_objetiva_2,https://www.cursocacd.com/_files/ugd/06e458_0bce3c7eb6e2463a83cbc52d39fac984.pdf,data\raw\CACD_2016\cursocacd\prova_objetiva_2__d6d5c0ec.pdf,71996ccc11339152795948955aa782e2ad2164badd9453dcb58ae8185cecb7cc,121533,200,1,,2026-10-06T14:08:25.067954+00:00
CACD_2017,cursocacd,discursiva_direito,https://www.cursocacd.com/_files/ugd/06e458_b5152d9b42d941db8bf0dbbd827e9c04.pdf,data\raw\CACD_2017\cursocacd\discursiva_direito__cbf989f0.pdf,a0b4de6332eef4ebffd4a6eb1d4c602836afb1b5624015b0e6e6883c5663f784,77012,200,1,,2026-10-06T14:08:26.191431+00:00
CACD_2017,cursocacd,discursiva_economia,https://www.cursocacd.com/_files/ugd/06e458_7334c60af69a42aab6cd4f7eb49663b7.pdf,data\raw\CACD_2017\cursocacd\discursiva_economia__62215a2a.pdf,f803f89ad29cc784e25bb8c7d01b00370aac616e35bd59062f3531bfa201cb1b,75177,200,1,,2026-10-06T14:08:27.329003+00:00
CACD_2017,cursocacd,discursiva_espanhol_frances,https://www.cursocacd.com/_files/ugd/06e458_69ccea5a6f834c66a6db9c4986395e75.pdf,data\raw\CACD_2017\cursocacd\discursiva_espanhol_frances__0b634645.pdf,78fe03f84e28c9f6ade0f8aa539cf6f887c45b91c36eea565fe717a27d1a0817,103740,200,1,,2026-10-06T14:08:28.508191+00:00
CACD_2017,cursocacd,discursiva_geografia,https://www.cursocacd.com/_files/ugd/06e458_0ac59235f8c343a7a5e0f5af0627eb4b.pdf,data\raw\CACD_2017\cursocacd\discursiva_geografia__a873b967.pdf,8bce0f9cf108dc9ccc379a1e083af4e7552f442ec04efc79cc3c0132c9c53ccd,80731,200,1,,2026-10-06T14:08:29.709662+00:00
CACD_2017,cursocacd,discursiva_historia,https://www.cursocacd.com/_files/ugd/06e458_d8848914db3940faaceea212c4915fd6.pdf,data\raw\CACD_2017\cursocacd\discursiva_historia__72702f0a.pdf,8c7cae46464af81804c95fa5bb571fefb118015df5fed37ba0b4ed6b32568b81,80512,200,1,,2026-10-06T14:08:30.864937+00:00
CACD_2017,cursocacd,discursiva_ingles,https://www.cursocacd.com/_files/ugd/06e458_f3dc7243ab8a44d79ce21a2463df9e44.pdf,data\raw\CACD_2017\cursocacd\discursiva_ingles__6a827935.pdf,8958385dc50e90c99012ae5765c216199a4f9ed1ffae28b658e993ecce99fa96,91975,200,1,,2026-10-06T14:08:32.056432+00:00
CACD_2017,cursocacd,discursiva_pol_internacional,https://www.cursocacd.com/_files/ugd/06e458_8451105f769c420f9e605595fdb6b5bf.pdf,data\raw\CACD_2017\cursocacd\discursiva_pol_internacional__ae53b28d.pdf,9e360ceab26632500bebed42579dbc0def88337e0267e065be5f1d61933021b1,77186,200,1,,2026-10-06T14:08:33.245463+00:00
CACD_2017,cursocacd,discursiva_portugues,https://www.cursocacd.com/_files/ugd/06e458_85e7a9b8923e44279b718b489fbdd587.pdf,data\raw\CACD_2017\cursocacd\discursiva_portugues__fa1f57b3.pdf,7e5ff23986f4bd944b9d96179b594021b4ef9884043c06a5781b7e0b1b77621c,73279,200,1,,2026-10-06T14:08:34.413916+00:00
CACD_2017,cursocacd,gabarito,https://www.cursocacd.com/_files/ugd/06e458_47ffe59ecc2d4dea9a5bc81d2328207f.pdf,data\raw\CACD_2017\cursocacd\gabarito__75091131.pdf,aa137abad24485cb64aa764ccf7da0087d7007b12aea700db15cea7e500fa98a,449581,200,1,,2026-10-06T14:08:35.591479+00:00
CACD_2017,cursocacd,guia_estudos,https://www.cursocacd.com/_files/ugd/06e458_3b94d4a2b7a54642920836b76b20eaa1.pdf,data\raw\CACD_2017\cursocacd\guia_estudos__b16c6c27.pdf,90ba6c8d91776e4a8603d65675d0697caeda8053af7e4643702c62ceebc7ca87,2394366,200,1,,2026-10-06T14:08:37.383238+00:00
CACD_2017,cursocacd,padrao_resposta,https://www.cursocacd.com/_files/ugd/06e458_e194cb8429e648cea57df6b6ac152554.pdf,data\raw\CACD_2017\cursocacd\padrao_resposta__d35e2770.pdf,27c5df568b170d8275f834394b93571143df57a9d4d7be6895489e1e8e9c65cc,2172011,200,1,,2026-10-06T14:08:39.111894+00:00
CACD_2017,cursocacd,prova_objetiva_1,https://www.cursocacd.com/_files/ugd/06e458_6ea1e8988f0c4ff8935f1bfb1a69b8d1.pdf,data\raw\CACD_2017\cursocacd\prova_objetiva_1__85ade305.pdf,6d7ccb264369a0c2140c1ab98698430741ef1a91eeec93653ccb3cad3d8fa004,176715,200,1,,2026-10-06T14:08:41.182418+00:00
CACD_2017,cursocacd,prova_objetiva_2,https://www.cursocacd.com/_files/ugd/06e458_c286a3ea9902428fa9b2666fcb40613e.pdf,data\raw\CACD_2017\cursocacd\prova_objetiva_2__cd3592b6.pdf,d1d7fa00b3f79cebc1a361ab3eff1c671c6cde1407b60300fe4f953052983961,141817,200,1,,2026-10-06T14:08:42.741923+00:00
CACD_2018,cursocacd,discursiva_direito,https://www.cursocacd.com/_files/ugd/06e458_d7fe014ef16548b8802780bb68d01c51.pdf,data\raw\CACD_2018\cursocacd\discursiva_direito__7972eab2.pdf,6771bae0b3c5ab69ca28721e6e3596e520c8462b56c5aa557b4cd9726b1db900,67000,200,1,,2026-10-06T14:08:43.771979+00:00
CACD_2018,cursocacd,discursiva_economia,https://www.cursocacd.com/_files/ugd/06e458_62472194789e4335a3a0f92bc9877793.pdf,data\raw\CACD_2018\cursocacd\discursiva_economia__cdd6ace5.pdf,0bb2ad764989413a1422b6861b4e4c3ccb3358893a1218c0493ba8320c97a958,82531,200,1,,2026-10-06T14:08:45.620954+00:00
CACD_2018,cursocacd,discursiva_espanhol_frances,https://www.cursocacd.com/_files/ugd/06e458_001f58d3737a4075b402a8a90b88ce71.pdf,data\raw\CACD_2018\cursocacd\discursiva_espanhol_frances__943ac4c7.pdf,e851d2d8163f76bfe30ea1ab58a65a9e430f765e678b33971a88975f51ccddd7,107122,200,1,,2026-10-06T14:08:46.768393+00:00
CACD_2018,cursocacd,discursiva_geografia,https://www.cursocacd.com/_files/ugd/06e458_17ad076c7e56484a864173ea454ece44.pdf,data\raw\CACD_2018\cursocacd\discursiva_geografia__a35b05ad.pdf,c771e68fa48419bdea9bf393ff5933875895dcd2ea76e7ab4ac7f7546a072802,82508,200,1,,2026-10-06T14:08:48.015349+00:00
CACD_2018,cursocacd,discursiva_historia,https://www.cursocacd.com/_files/ugd/06e458_b267c326179443ae92bc8d5ef8bb40d2.pdf,data\raw\CACD_2018\cursocacd\discursiva_historia__489e0531.pdf,9b593458463834e94a4337622854000627278928c326a2eeebb7e1d24475228e,87013,200,1,,2026-10-06T14:08:49.490509+00:00
CACD_2018,cursocacd,discursiva_ingles,https://www.cursocacd.com/_files/ugd/06e458_0e13d16487e14250a4033d8d6d39bf9a.pdf,data\raw\CACD_2018\cursocacd\discursiva_ingles__86367947.pdf,d7cb5ce607e2f5472b0fb7fcba785f9a3715b670f4a402aa7fd77c69812f7953,86637,200,1,,2026-10-06T14:08:50.855560+00:00
CACD_2018,cursocacd,discursiva_pol_internacional,https://www.cursocacd.com/_files/ugd/06e458_5886393315ca45d9a29c314249537d66.pdf,data\raw\CACD_2018\cursocacd\discursiva_pol_internacional__396be32a.pdf,cdb3f705b311e7aba31cd5ff181a9a6e95f636b07f365585dc62032beb528ea4,80626,200,1,,2026-10-06T14:08:52.047858+00:00
CACD_2018,cursocacd,discursiva_portugues,https://www.cursocacd.com/_files/ugd/06e458_b7d739ac4d6145009ab77ef7c0e8ddeb.pdf,data\raw\CACD_2018\cursocacd\discursiva_portugues__f90e6eef.pdf,8fcddab95bce156e8eb0edb1d1dab450907bd6ce6f9344a01e5f770d5ef7bf9c,84936,200,1,,2026-10-06T14:08:53.378905+00:00
CACD_2018,cursocacd,gabarito,https://www.cursocacd.com/_files/ugd/06e458_0d3f8e0600684ef09ad312856b7e4302.pdf,data\raw\CACD_2018\cursocacd\gabarito__906cbf9c.pdf,72be7c3ac7ab765c2649ab568ae5ced9375147e9084dc4eacdff0dcef0dd0503,349722,200,1,,2026-10-06T14:08:54.722685+00:00
CACD_2018,cursocacd,guia_estudos,https://www.cursocacd.com/_files/ugd/06e458_781e64d4974e4f589c21ede2d6ceae27.pdf,data\raw\CACD_2018\cursocacd\guia_estudos__6f80cafe.pdf,2d365229b1d588423a6b741f35cf342e53e339e24de76395fc1a2546e2a50b2f,4564208,200,1,,2026-10-06T14:08:55.917941+00:00
CACD_2018,cursocacd,padrao_resposta,https://www.cursocacd.com/_files/ugd/06e458_ca39ca373a5d439186e5f445aadea7db.pdf,data\raw\CACD_2018\cursocacd\padrao_resposta__ae802372.pdf,3b275d127c981d6d1418b3a8355b651fa1d89a21068892ea9fee4ef4ee3c28f0,1415834,200,1,,2026-10-06T14:08:58.144897+00:00
CACD_2018,cursocacd,prova_objetiva_1,https://www.cursocacd.com/_files/ugd/06e458_6b445fa2c6d54bc5801d9555e82e1c2e.pdf,data\raw\CACD_2018\cursocacd\prova_objetiva_1__f9bedc4f.pdf,246d651432a07f0fb2d927f24b348ae69591e9ff14d4bd7d4ece447fe70451f5,167912,200,1,,2026-10-06T14:08:59.800626+00:00
CACD_2018,cursocacd,prova_objetiva_2,https://www.cursocacd.com/_files/ugd/06e458_5ec828df5957441b8b6133f16d4bd8c7.pdf,data\raw\CACD_2018\cursocacd\prova_objetiva_2__b083db41.pdf,8a4fd79f9124d24ee2d2541bd4ced7a679d0448a342996f4a46ecf2d6ab6028a,173275,200,1,,2026-10-06T14:09:01.049443+00:00
CACD_2019,cursocacd,discursiva_direito,https://www.cursocacd.com/_files/ugd/06e458_aa19ba65fb4c40269899d389b7300dea.pdf,data\raw\CACD_2019\cursocacd\discursiva_direito__3f3bbb1e.pdf,69e3a7f6f1b659644c8e79977e52171f12e701f5b8c0164d8d79731103bdfdae,858161,200,1,,2026-10-06T14:09:02.262054+00:00
CACD_2019,cursocacd,discursiva_economia,https://www.cursocacd.com/_files/ugd/06e458_5ebb5f2dbcb14840b783c2b6efef5b20.pdf,data\raw\CACD_2019\cursocacd\discursiva_economia__d2be8183.pdf,256371a40d063f3990ba659efc7135f0559d3018444684dd9bc205cd24a2c52b,848303,200,1,,2026-10-06T14:09:03.598208+00:00
CACD_2019,cursocacd,discursiva_espanhol_frances,https://www.cursocacd.com/_files/ugd/06e458_4d7575f6a1b54f8680310488e1793341.pdf,data\raw\CACD_2019\cursocacd\discursiva_espanhol_frances__a4198939.pdf,893b5c2ff64ec74b9bf080e6a375c067f12dc901bf303bddc4a0dce5373abf84,913508,200,1,,2026-10-06T14:09:05.007793+00:00
CACD_2019,cursocacd,discursiva_geografia,https://www.cursocacd.com/_files/ugd/06e458_959fd61b74534cb88d01e9c3d8c98dba.pdf,data\raw\CACD_2019\cursocacd\discursiva_geografia__88335edc.pdf,283093514fcce0efafb2243c781a714e7ac76e6d270788606a59d65746b64996,966204,200,1,,2026-10-06T14:09:06.631291+00:00
CACD_2019,cursocacd,discursiva_historia,https://www.cursocacd.com/_files/ugd/06e458_6652cccbf1014d1a841609f5652462ea.pdf,data\raw\CACD_2019\cursocacd\discursiva_historia__65202b6c.pdf,f88112e8a9b84145766a52a48f9234528928c2e769695479c0d4fc3d48518d3c,878291,200,1,,2026-10-06T14:09:07.970379+00:00
CACD_2019,cursocacd,discursiva_ingles,https://www.cursocacd.com/_files/ugd/06e458_d43595d4ea9b4c3ba7017963cd54ef17.pdf,data\raw\CACD_2019\cursocacd\discursiva_ingles__ed2dda00.pdf,81a8f735197c0b50e5108e1ad704b446592d306f602ae93fe04897be8812fbf8,875620,200,1,,2026-10-06T14:09:09.186280+00:00
CACD_2019,cursocacd,discursiva_pol_internacional,https://www.cursocacd.com/_files/ugd/06e458_8ec7a152d201421b87f7ebce7c256e97.pdf,data\raw\CACD_2019\cursocacd\discursiva_pol_internacional__4f857e45.pdf,7b359138ad75d2e9c610f31b5f84eb7bddba0ba5bbf4b6bfa8f9081f75ef55c3,886588,200,1,,2026-10-06T14:09:10.386074+00:00
CACD_2019,cursocacd,discursiva_portugues,https://www.cursocacd.com/_files/ugd/06e458_9934876dd85a466a928a704353ff217c.pdf,data\raw\CACD_2019\cursocacd\discursiva_portugues__2f356599.pdf,7aa7d7d93639fa8f2ad805e5a6382b0e85cfab9fd910395af25cd2278afea3e0,863987,200,1,,2026-10-06T14:09:11.767004+00:00
CACD_2019,cursocacd,gabarito,https://www.cursocacd.com/_files/ugd/06e458_37551d35c67d43eba76d67487fe8b2f1.pdf,data\raw\CACD_2019\cursocacd\gabarito__6db5359f.pdf,d5b08cadbc5332ce29df1daee4034cf3776a435e6760e9b3d902e1bc8f24d462,1267684,200,1,,2026-10-06T14:09:13.024382+00:00
CACD_2019,cursocacd,guia_estudos,https://www.cursocacd.com/_files/ugd/06e458_ce1bc51b81a64d29bca98d438821b045.pdf,data\raw\CACD_2019\cursocacd\guia_estudos__6740734c.pdf,2f2fb7e52ff34f36d83b22a6616dc3396fe2fb214b83390705b0f5b79fefdb35,2195464,200,1,,2026-10-06T14:09:14.320998+00:00
CACD_2019,cursocacd,padrao_resposta,https://www.cursocacd.com/_files/ugd/06e458_cf0dd40905134aad8792075f79b6d777.pdf,data\raw\CACD_2019\cursocacd\padrao_resposta__cb410f84.pdf,6df43f5f90e513555c34d5f4acf13ff911d44a27a80d7f2a9c8b5bd8be844cca,1109387,200,1,,2026-10-06T14:09:16.350970+00:00
CACD_2019,cursocacd,prova_objetiva_1,https://www.cursocacd.com/_files/ugd/06e458_623b63558b4b455399e07e4b5ad8d26c.pdf,data\raw\CACD_2019\cursocacd\prova_objetiva_1__b3257ad2.pdf,165ae20779bf25c0e010d7c26feba9c2e246defd7fc871da40383cf20648173a,986327,200,1,,2026-10-06T14:09:18.303088+00:00
CACD_2019,cursocacd,prova_objetiva_2,https://www.cursocacd.com/_files/ugd/06e458_9e511c3278194dc28624147ed81e7177.pdf,data\raw\CACD_2019\cursocacd\prova_objetiva_2__bf883c10.pdf,1cbc99dc707ce2a56e5e234e4b4e58fe762db460babc91950f42b1c5b159ec5a,474618,200,1,,2026-10-06T14:09:19.966535+00:00
CACD_2020_2021,cursocacd,discursiva_direito,https://www.cursocacd.com/_files/ugd/06e458_4a8b5f3820d8430e884952a55467c06d.pdf,data\raw\CACD_2020_2021\cursocacd\discursiva_direito__5dbd2ad2.pdf,c43cb14b4c44aa53f4ad0260abd49056ee4686bb2b72c1ce1effff9b91fb8487,301885,200,1,,2026-10-06T14:09:21.308900+00:00
CACD_2020_2021,cursocacd,discursiva_economia,https://www.cursocacd.com/_files/ugd/06e458_1eb2b8a1bdd54ea39779e5ba413e37f3.pdf,data\raw\CACD_2020_2021\cursocacd\discursiva_economia__5ee93fd4.pdf,42c6297542a4f1fd6b74aa6fb113ec6fbb60208a775ebedc3d4934bac205bbbe,298648,200,1,,2026-10-06T14:09:22.690478+00:00
CACD_2020_2021,cursocacd,discursiva_espanhol_frances,https://www.cursocacd.com/_files/ugd/06e458_020f49b19967480c8d6a1d8fee4b3d5c.pdf,data\raw\CACD_2020_2021\cursocacd\discursiva_espanhol_frances__3f7de1e7.pdf,10f80cf2849357ef7ae2eaada8ba7f2e19b97a989fe2ca8370e298b636068373,372089,200,1,,2026-10-06T14:09:23.869096+00:00
CACD_2020_2021,cursocacd,discursiva_geografia,https://www.cursocacd.com/_files/ugd/06e458_04553ce042c44dc4a794db36065199b9.pdf,data\raw\CACD_2020_2021\cursocacd\discursiva_geografia__f788e4af.pdf,e0d77d48bad19d7cd8da2ad22294871726846463f9628a6c841bfbb7718876c6,519370,200,1,,2026-10-06T14:09:25.253269+00:00
CACD_2020_2021,cursocacd,discursiva_historia,https://www.cursocacd.com/_files/ugd/06e458_44946a1a73964d5db9f589862f06da60.pdf,data\raw\CACD_2020_2021\cursocacd\discursiva_historia__1474e3c1.pdf,3e546fdbab785dca936a2f22028fe657e05176aadf71f6decc6df16699f7d9b2,319210,200,1,,2026-10-06T14:09:27.349398+00:00
CACD_2020_2021,cursocacd,discursiva_ingles,https://www.cursocacd.com/_files/ugd/06e458_65c84043125d48a981b38be36600c29a.pdf,data\raw\CACD_2020_2021\cursocacd\discursiva_ingles__cca40917.pdf,2b32becde4547a2a4a08323a1e08054f9062a2e6d58e3dad89ac806b2e503159,1565889,200,1,,2026-10-06T14:09:29.002380+00:00
CACD_2020_2021,cursocacd,discursiva_pol_internacional,https://www.cursocacd.com/_files/ugd/06e458_7206681e1fd0450f9bd2f07af17779ff.pdf,data\raw\CACD_2020_2021\cursocacd\discursiva_pol_internacional__848ee7ee.pdf,2aa5be9d88acc40a5754a8fff1a62c683ce861a6b74fa5c2ee5f3b71bd817a5c,309830,200,1,,2026-10-06T14:09:30.841033+00:00
CACD_2020_2021,cursocacd,discursiva_portugues,https://www.cursocacd.com/_files/ugd/06e458_514e320e62384d078acf393334f3f47a.pdf,data\raw\CACD_2020_2021\cursocacd\discursiva_portugues__f1e69744.pdf,b5b96b0e19cf71b1501f3cbba87d523c1bdd316f405d9d8216a850368ec278dd,1347879,200,1,,2026-10-06T14:09:32.222914+00:00
CACD_2020_2021,cursocacd,gabarito,https://www.cursocacd.com/_files/ugd/06e458_c9292e6c17514640bc424cf3fc0f4549.pdf,data\raw\CACD_2020_2021\cursocacd\gabarito__552cc6d3.pdf,5eefd08f660f00d2e3f1052208d5c27be0bfa1c6cca6102458dbcdd0c9ad3188,543160,200,1,,2026-10-06T14:09:33.839914+00:00
CACD_2020_2021,cursocacd,guia_estudos,https://www.cursocacd.com/_files/ugd/06e458_aad1ff5bc3a744198fe343af7de45d79.pdf,data\raw\CACD_2020_2021\cursocacd\guia_estudos__b4a140c7.pdf,6d575edb6c7f437b93eb0ba38917586043d9f3b89ade6b46dfdac17c349af019,8865321,200,1,,2026-10-06T14:09:35.341892+00:00
CACD_2020_2021,cursocacd,padrao_resposta,https://www.cursocacd.com/_files/ugd/06e458_57da01e1bd554a2c8b3ddb30272aecb2.pdf,data\raw\CACD_2020_2021\cursocacd\padrao_resposta__54fffa16.pdf,932e109d01279d14a24c48ab7c60ab4134bf30204595c712a559c655d470e1ef,1271382,200,1,,2026-10-06T14:09:37.121343+00:00
CACD_2020_2021,cursocacd,prova_objetiva_1,https://www.cursocacd.com/_files/ugd/06e458_3d8e75d354f94d619b777249f36db3f7.pdf,data\raw\CACD_2020_2021\cursocacd\prova_objetiva_1__64f2e6d8.pdf,1869d24d1aec6073ba338b27d8a77040c95ba3eaafc4fc6b87daa11e9de1c112,1075983,200,1,,2026-10-06T14:09:38.545790+00:00
CACD_2020_2021,cursocacd,prova_objetiva_2,https://www.cursocacd.com/_files/ugd/06e458_5ffd865521af483497882cdab0789441.pdf,data\raw\CACD_2020_2021\cursocacd\prova_objetiva_2__b74dea8a.pdf,5729963583d35e98a639a6022a53fa9743576fc17c5c203b2acfddb420ded459,1067327,200,1,,2026-10-06T14:09:39.940230+00:00
CACD_2022,cursocacd,discursiva_direito,https://www.cursocacd.com/_files/ugd/06e458_d41879b58e5e4e6c920c8b6fd15aa228.pdf,data\raw\CACD_2022\cursocacd\discursiva_direito__1256a794.pdf,c20af593dad31956cc2bc935a446ae6c05941200a1bec2e725cbb939a1e211e8,880015,200,1,,2026-10-06T14:09:41.251734+00:00
CACD_2022,cursocacd,discursiva_economia,https://www.cursocacd.com/_files/ugd/06e458_6da93040796c4599ab39ff9ff5284c3c.pdf,data\raw\CACD_2022\cursocacd\discursiva_economia__4032d7e9.pdf,bc0ce43b858ce1e3426777af5dfb3acb447a3b82d23f0121ca877b6b9e32daf9,844521,200,1,,2026-10-06T14:09:42.834540+00:00
CACD_2022,cursocacd,discursiva_espanhol_frances,https://www.cursocacd.com/_files/ugd/06e458_843507a4833d471186a6ca55ccc3f77c.pdf,data\raw\CACD_2022\cursocacd\discursiva_espanhol_frances__03534fae.pdf,9394f20fce76907dbcd810dc8207da7d4f4a0eeaa07bca8d50be1c04b77578e9,923866,200,1,,2026-10-06T14:09:44.776551+00:00
CACD_2022,cursocacd,discursiva_geografia,https://www.cursocacd.com/_files/ugd/06e458_0d5fbf594a6445feb62d479d3306a3ac.pdf,data\raw\CACD_2022\cursocacd\discursiva_geografia__092f3fdd.pdf,db23db141ebfaf5791cc6209c9b9a3f3193cf9d6f665320cbc39c5cddc8feb6e,1555760,200,1,,2026-10-06T14:09:47.007475+00:00
CACD_2022,cursocacd,discursiva_historia,https://www.cursocacd.com/_files/ugd/06e458_c3cd60030b7f48be95727ae766f08053.pdf,data\raw\CACD_2022\cursocacd\discursiva_historia__3a89a5d6.pdf,a1bc8a6868a414e79780a9df0289807585e1816e2001573eefc9b10e3a34da38,867392,200,1,,2026-10-06T14:09:48.210548+00:00
CACD_2022,cursocacd,discursiva_ingles,https://www.cursocacd.com/_files/ugd/06e458_74b93bfd788a4d999cffbb81dae1f396.pdf,data\raw\CACD_2022\cursocacd\discursiva_ingles__00c2757d.pdf,99137dddf3effd1ccc5a5cf81a0e2c01109fdb2c71cb6068c9e4e4b2c1260169,1656286,200,1,,2026-10-06T14:09:49.551546+00:00
CACD_2022,cursocacd,discursiva_pol_internacional,https://www.cursocacd.com/_files/ugd/06e458_1cc96225d35b45719b42455932417514.pdf,data\raw\CACD_2022\cursocacd\discursiva_pol_internacional__ec9d9f9b.pdf,cb3ce5313bfaecb880458c008819286677d04397c75d6fb3ba00b8f1ecd399b5,869627,200,1,,2026-10-06T14:09:51.940194+00:00
CACD_2022,cursocacd,discursiva_portugues,https://www.cursocacd.com/_files/ugd/06e458_fe8d91a80c9c44bb95c0a6a1b9d8a0a7.pdf,data\raw\CACD_2022\cursocacd\discursiva_portugues__9680a69e.pdf,1d16d3c4267b5d71ac1de8349212f06120ad84ac9311abf076dbf07a6b92b330,1379125,200,1,,2026-10-06T14:09:53.805393+00:00
CACD_2022,cursocacd,gabarito,https://www.cursocacd.com/_files/ugd/06e458_a550cddf0d9248dcbc8c0d5eebfd63bf.pdf,data\raw\CACD_2022\cursocacd\gabarito__856f9651.pdf,738030c88cadbbcd2bfa19578048315f2228972d01026aba4a1f281f93a24fe7,612114,200,1,,2026-10-06T14:09:55.561444+00:00
CACD_2022,cursocacd,guia_estudos,https://www.cursocacd.com/_files/ugd/06e458_08dcb10029224ad4b207b20f3a81776c.pdf,data\raw\CACD_2022\cursocacd\guia_estudos__fedf8cb4.pdf,42e39de7268007f669026996d6c70508153ee63858d4b26c9175533985bd7534,13008663,200,1,,2026-10-06T14:09:57.004247+00:00
CACD_2022,cursocacd,padrao_resposta,https://www.cursocacd.com/_files/ugd/06e458_388082501a424626b778462ecc2f4d94.pdf,data\raw\CACD_2022\cursocacd\padrao_resposta__0f45a12b.pdf,9f6f792e4e1772dd29d73f4827e2a1673b77a05071275f3ac68799168e68f573,809354,200,1,,2026-10-06T14:09:59.190206+00:00
CACD_2022,cursocacd,prova_objetiva_1,https://www.cursocacd.com/_files/ugd/06e458_c3b9f5f851d948cd92324691319c9a5d.pdf,data\raw\CACD_2022\cursocacd\prova_objetiva_1__52befe35.pdf,271b8ee60f94abf2ece1c918d1df4c0c3c79087615f168d2da612e887b4a645c,1067002,200,1,,2026-10-06T14:10:01.056712+00:00
CACD_2022,cursocacd,prova_objetiva_2,https://www.cursocacd.com/_files/ugd/06e458_709845b8f97a4893b47ac34b1d202287.pdf,data\raw\CACD_2022\cursocacd\prova_objetiva_2__b6809e16.pdf,a047fd18400a9e639920a5217547fa840c2e675a28568911b3c726884f2a49dd,1108111,200,1,,2026-10-06T14:10:02.817944+00:00
CACD_2023,cursocacd,discursiva_direito,https://www.cursocacd.com/_files/ugd/06e458_36db3ee7df5d411681172aab8ade13dc.pdf,data\raw\CACD_2023\cursocacd\discursiva_direito__3b540229.pdf,f96573d42718656dfd1f7547edf50ad9d23482069865bf6306489a066d4c1e40,705106,200,1,,2026-10-06T14:10:04.055810+00:00
CACD_2023,cursocacd,discursiva_economia,https://www.cursocacd.com/_files/ugd/06e458_3b961206dec74fbcb83bfbbe074bee50.pdf,data\raw\CACD_2023\cursocacd\discursiva_economia__9342d7ca.pdf,75eab4007bbc802ddc2bcce48db266b3f9914aa80b316c111e2bed423f8e744f,694056,200,1,,2026-10-06T14:10:05.622830+00:00
CACD_2023,cursocacd,discursiva_espanhol_frances,https://www.cursocacd.com/_files/ugd/06e458_e3537ac58c064fe38a67d72511cdbdab.pdf,data\raw\CACD_2023\cursocacd\discursiva_espanhol_frances__0f09aaf5.pdf,fbdb4affbaab48ba405ecf53894c0fbd6696966efcec224fa1f928c7fac8cf02,733368,200,1,,2026-10-06T14:10:07.081563+00:00
CACD_2023,cursocacd,discursiva_geografia,https://www.cursocacd.com/_files/ugd/06e458_d8acbfb9b0d445a2a4d5cb8fa1abbc2c.pdf,data\raw\CACD_2023\cursocacd\discursiva_geografia__ec337185.pdf,14d0bea83dd8cda80c6ce948a0bf901648b50d0367b05ea7eb091a95e816b708,699639,200,1,,2026-10-06T14:10:08.479261+00:00
CACD_2023,cursocacd,discursiva_historia,https://www.cursocacd.com/_files/ugd/06e458_e921823844cf47238fc8bb1095a64f52.pdf,data\raw\CACD_2023\cursocacd\discursiva_historia__f416fab4.pdf,a1cdc7138b74f8c139207de409704902a8159b7aaaaafc8e630155c81423d3b0,703531,200,1,,2026-10-06T14:10:09.812495+00:00
CACD_2023,cursocacd,discursiva_ingles,https://www.cursocacd.com/_files/ugd/06e458_44a2fc9ed8204bd79cfdf69097befe8e.pdf,data\raw\CACD_2023\cursocacd\discursiva_ingles__e06914dc.pdf,92a4f6d4dfda8b4f5a8d3f5f1c7126637633d47ca3611edbff523e34c30d8464,1017724,200,1,,2026-10-06T14:10:11.100113+00:00
CACD_2023,cursocacd,discursiva_pol_internacional,https://www.cursocacd.com/_files/ugd/06e458_a53ade96682e4057a7e4242f4926ccff.pdf,data\raw\CACD_2023\cursocacd\discursiva_pol_internacional__dcbffe15.pdf,7bedc00174529701be818596fbe02a9f21b93d31ec1ecfe2fbde014e57f6b976,700005,200,1,,2026-10-06T14:10:12.607025+00:00
CACD_2023,cursocacd,discursiva_portugues,https://www.cursocacd.com/_files/ugd/06e458_7fa4359b78cd4c1d875f0e0c1f6440fc.pdf,data\raw\CACD_2023\cursocacd\discursiva_portugues__1b99ca71.pdf,84d18e15946a08549a2354e17765d7d824fb4a654566918b6f1808c681bfd6d7,997781,200,1,,2026-10-06T14:10:13.804103+00:00
CACD_2023,cursocacd,gabarito,https://www.cursocacd.com/_files/ugd/06e458_46597659e75f48e7b01c631b7d222b11.pdf,data\raw\CACD_2023\cursocacd\gabarito__2c8b7c52.pdf,720d1f0f4912bfd9f270b8bd72cac111cc1762c9952f05d317966a7631c3bd60,1040894,200,1,,2026-10-06T14:10:14.968917+00:00
CACD_2023,cursocacd,guia_estudos,https://www.cursocacd.com/_files/ugd/06e458_fe7d4f047d2942f99e89df1b1ffa709c.pdf,data\raw\CACD_2023\cursocacd\guia_estudos__db4917b2.pdf,89068f7517d8830768c41c56b4eb7283f1f987d199f650316e93ffda1ab43d48,13775759,200,1,,2026-10-06T14:10:16.846188+00:00
CACD_2023,cursocacd,padrao_resposta,https://www.cursocacd.com/_files/ugd/06e458_1ff4ca840ed547e8acb68b17208156a7.pdf,data\raw\CACD_2023\cursocacd\padrao_resposta__ec55cbdd.pdf,b1a3612b3d3d5208a6a9587240248f5d5890f39a8aa1a248a7f3b9c668047e28,1040889,200,1,,2026-10-06T14:10:19.069948+00:00
CACD_2023,cursocacd,prova_objetiva_1,https://www.cursocacd.com/_files/ugd/06e458_b1aab22b17aa4f439f525fa0b73e1485.pdf,data\raw\CACD_2023\cursocacd\prova_objetiva_1__3ef65757.pdf,a03e497e88e866acfdb6564827f7791b7f4872070e8debac0c08672a2654a137,804744,200,1,,2026-10-06T14:10:21.249292+00:00
CACD_2023,cursocacd,prova_objetiva_2,https://www.cursocacd.com/_files/ugd/06e458_df167c567eea442eaf5f4ff67ef21a97.pdf,data\raw\CACD_2023\cursocacd\prova_objetiva_2__18af7a81.pdf,6c219939078e705569252ef8de8a8147a34e8f3cdda22d6754afd8a39703c6bc,810609,200,1,,2026-10-06T14:10:22.333454+00:00
CACD_2024,cursocacd,discursiva_direito,https://www.cursocacd.com/_files/ugd/06e458_3f46feba0bac40e780f7c319c8f312ce.pdf,data\raw\CACD_2024\cursocacd\discursiva_direito__fae4a98e.pdf,578c86d92e31e99d04f9ab7b48f71fde4e50bf0e3de6cb118a27daad42f3d0d5,102518,200,1,,2026-10-06T14:10:23.621506+00:00
CACD_2024,cursocacd,discursiva_economia,https://www.cursocacd.com/_files/ugd/06e458_0897f6f3546446dbb791da0033e8584a.pdf,data\raw\CACD_2024\cursocacd\discursiva_economia__dfd7bd05.pdf,44a58ff9528ee8d544af458966b3314fa51aab832ce96125ddbcf7af33a3c7b5,83237,200,1,,2026-10-06T14:10:24.764933+00:00
CACD_2024,cursocacd,discursiva_espanhol_frances,https://www.cursocacd.com/_files/ugd/06e458_4ea1c354d5274b1396d6dacd9cf4821c.pdf,data\raw\CACD_2024\cursocacd\discursiva_espanhol_frances__dc8d8b38.pdf,853afd1b6cf6099bd2bd47270ee6c6112310116820bfbbe58740b7fa61cbad50,123627,200,1,,2026-10-06T14:10:26.117834+00:00
CACD_2024,cursocacd,discursiva_geografia,https://www.cursocacd.com/_files/ugd/06e458_2bd25efd79f3464aaf3b639b2a70fa8d.pdf,data\raw\CACD_2024\cursocacd\discursiva_geografia__14d708f5.pdf,b8a2489aa8aad5364a6c35c12486cd2af388c02f399c1493549e7dff1d3eb083,867692,200,1,,2026-10-06T14:10:27.340418+00:00
CACD_2024,cursocacd,discursiva_historia,https://www.cursocacd.com/_files/ugd/06e458_5796d3459fb94480a7361d680f2a3373.pdf,data\raw\CACD_2024\cursocacd\discursiva_historia__8b1c879a.pdf,4cba225a53f2863b302ebb9af12988c737a77e14650918e67940e0f22808024e,98044,200,1,,2026-10-06T14:10:28.610026+00:00
CACD_2024,cursocacd,discursiva_ingles,https://www.cursocacd.com/_files/ugd/06e458_a82443f918a846ee926769abae8147e6.pdf,data\raw\CACD_2024\cursocacd\discursiva_ingles__5cf15ea9.pdf,8f2942d247d388070a76159b3bca940be5edfaa34c90e15b7f97a09b38bcd37b,76397,200,1,,2026-10-06T14:10:29.784335+00:00
CACD_2024,cursocacd,discursiva_pol_internacional,https://www.cursocacd.com/_files/ugd/06e458_f37b302924cd4b2ca7bbd1cf311cf75f.pdf,data\raw\CACD_2024\cursocacd\discursiva_pol_internacional__5002db3d.pdf,53faa2d727a0c2bd294e0fc4ddf58187484f4f1ac028943cb57c2ca00c57a5d4,108910,200,1,,2026-10-06T14:10:30.988713+00:00
CACD_2024,cursocacd,discursiva_portugues,https://www.cursocacd.com/_files/ugd/06e458_c51c1b00baf84388bdfe320994f6e2a5.pdf,data\raw\CACD_2024\cursocacd\discursiva_portugues__d764f126.pdf,2e42c858ec33dbbfd43cee610550077be6e92c2888305e0bd56a5bd9bb3046a8,95844,200,1,,2026-10-06T14:10:32.106727+00:00
CACD_2024,cursocacd,gabarito,https://www.cursocacd.com/_files/ugd/06e458_067dd6a379ba4ea38e906d9096e719a3.pdf,data\raw\CACD_2024\cursocacd\gabarito__b6d2e732.pdf,49c6c1c54eb507ed59eb5423a5f7dffe0977680bb0113c9e90936b31553decd1,700265,200,1,,2026-10-06T14:10:33.306577+00:00
CACD_2024,cursocacd,guia_estudos,https://www.cursocacd.com/_files/ugd/06e458_5fcb31bf5b5f44e4a15ee7d4c2738a34.pdf,data\raw\CACD_2024\cursocacd\guia_estudos__0756552a.pdf,f9abd58e247cbec8745869a93cc1a0e496928b4c60a25881ca1c29c4349f6a14,26093740,200,1,,2026-10-06T14:10:35.193508+00:00
CACD_2024,cursocacd,padrao_resposta,https://www.cursocacd.com/_files/ugd/06e458_117ea88ebb39491cb8f33383e5b250c6.pdf,data\raw\CACD_2024\cursocacd\padrao_resposta__f541d693.pdf,be8dfc19640afb8eae9b2cf8ce7807119b7fb64387289a20c57eb05f3796f9f9,695195,200,1,,2026-10-06T14:10:38.103732+00:00
CACD_2024,cursocacd,prova_objetiva_1,https://www.cursocacd.com/_files/ugd/06e458_3d31bd3a43c14f8ebc189b6225c22d20.pdf,data\raw\CACD_2024\cursocacd\prova_objetiva_1__e201176a.pdf,de0ce8cde52d4490d46037b78c8f36de6ed31d0c815ca13073df66a445d6703e,446649,200,1,,2026-10-06T14:10:39.595099+00:00
CACD_2024,cursocacd,prova_objetiva_2,https://www.cursocacd.com/_files/ugd/06e458_66a229a644bd48739568fcff0bb6af32.pdf,data\raw\CACD_2024\cursocacd\prova_objetiva_2__5525844a.pdf,130d2a556c85c7ca6b34b0a99a96051b0107b2641dce9612faffacdff748dfb9,307079,200,1,,2026-10-06T14:10:40.981609+00:00
CACD_2025,cursocacd,discursiva_direito,https://www.cursocacd.com/_files/ugd/06e458_562720101e0a4eafa45c429ac256a52c.pdf,data\raw\CACD_2025\cursocacd\discursiva_direito__42f0eaba.pdf,3f3fcf04e7b5b2dc029ca1db0db7bb7a530eedc0f52a724a0bed1600185db800,153959,200,1,,2026-10-06T14:10:42.276229+00:00
CACD_2025,cursocacd,discursiva_economia,https://www.cursocacd.com/_files/ugd/06e458_23e0c79346bd4907a203382c98fcaa1c.pdf,data\raw\CACD_2025\cursocacd\discursiva_economia__b4317195.pdf,a5c020050231b2b944f4c0b148de55b9fcd3c059d8d7aea252eab0df160f843c,151107,200,1,,2026-10-06T14:10:43.460179+00:00
CACD_2025,cursocacd,discursiva_espanhol_frances,https://www.cursocacd.com/_files/ugd/06e458_729a0510c16245b989251c74d931a663.pdf,data\raw\CACD_2025\cursocacd\discursiva_espanhol_frances__99785c6a.pdf,0ca8b5d95199d5a61a5a70984c816c1b2e0480f5d15a06891011df9743a67c6c,161734,200,1,,2026-10-06T14:10:44.720682+00:00
CACD_2025,cursocacd,discursiva_geografia,https://www.cursocacd.com/_files/ugd/06e458_29690dfcd0a24a78bd52bbccaf75e604.pdf,data\raw\CACD_2025\cursocacd\discursiva_geografia__7772b423.pdf,06345b3913157aa1b86db90513177f774b27fbdc07b6cc875e3510c56b562519,470457,200,1,,2026-10-06T14:10:45.984719+00:00
CACD_2025,cursocacd,discursiva_historia,https://www.cursocacd.com/_files/ugd/06e458_78a5199a67bf4509a87dce104bacb16c.pdf,data\raw\CACD_2025\cursocacd\discursiva_historia__2f0fc3e5.pdf,9991d8344c603d6ab59ec07175804f6461b5edc4b262c19dc1422b2f162a1774,154970,200,1,,2026-10-06T14:10:47.383320+00:00
CACD_2025,cursocacd,discursiva_ingles,https://www.cursocacd.com/_files/ugd/06e458_b54f37615e814f8cb3fdcab3aa827072.pdf,data\raw\CACD_2025\cursocacd\discursiva_ingles__a4a6733e.pdf,c48d1303296470152496b7108a6dad6e2226b3e3be15b33674debf0e9d590f12,120534,200,1,,2026-10-06T14:10:48.904927+00:00
CACD_2025,cursocacd,discursiva_pol_internacional,https://www.cursocacd.com/_files/ugd/06e458_cd36e449a44648f58815058353b2342b.pdf,data\raw\CACD_2025\cursocacd\discursiva_pol_internacional__429a82b2.pdf,dedf929c50d4779e3644289329a6cd17a72c678ef9d45a7c54bd94f303803e9a,160853,200,1,,2026-10-06T14:10:50.114198+00:00
CACD_2025,cursocacd,discursiva_portugues,https://www.cursocacd.com/_files/ugd/06e458_2ac9e84d77554115b65cdf90fd412d2a.pdf,data\raw\CACD_2025\cursocacd\discursiva_portugues__b65da8a3.pdf,cbb809e101ec0c917b276edb87804ffb12032e6fcbec9dbc554a42baa0bf85fd,181012,200,1,,2026-10-06T14:10:51.657446+00:00
CACD_2025,cursocacd,gabarito,https://www.cursocacd.com/_files/ugd/06e458_11c41926036e425badaf3433641d082c.pdf,data\raw\CACD_2025\cursocacd\gabarito__13a7fcda.pdf,fdcccd6e62244cf2e8d2da3e459b3b73e41a47a0d809324f7deba4936f0b08e3,998625,200,1,,2026-10-06T14:10:52.835859+00:00
CACD_2025,cursocacd,guia_estudos,https://www.cursocacd.com/_files/ugd/06e458_c790be421d5d43c89c2d35174ba014b7.pdf,data\raw\CACD_2025\cursocacd\guia_estudos__ded9859e.pdf,332b48fdbf7d664a11112eb86607d5c37299cebb835acf19a4610cdc0c4ef3fa,62458442,200,1,,2026-10-06T14:10:54.253732+00:00
CACD_2025,cursocacd,padrao_resposta,https://www.cursocacd.com/_files/ugd/06e458_a2366f2969ca4af9aca8b53ade2478e9.pdf,data\raw\CACD_2025\cursocacd\padrao_resposta__ceaf0c4d.pdf,417cadafc06d5c1aa49f7e55df213026ea0fbfc167f5c4721411ce4b0e28ff4e,3908281,200,1,,2026-10-06T14:11:06.402555+00:00
CACD_2025,cursocacd,prova_objetiva_1,https://www.cursocacd.com/_files/ugd/06e458_1ed516261bb544da9ee17eb5b5a5d15b.pdf,data\raw\CACD_2025\cursocacd\prova_objetiva_1__909169c0.pdf,29e805d3887d4a5a2731bad8f8abb7d1b6886a1ebd27e2c9fd50186ab430fee4,185645,200,1,,2026-10-06T14:11:08.584154+00:00
CACD_2025,cursocacd,prova_objetiva_2,https://www.cursocacd.com/_files/ugd/06e458_27ae24eaad6f4ba9803a50256e96e510.pdf,data\raw\CACD_2025\cursocacd\prova_objetiva_2__2b135ea4.pdf,f8e504a12125c8f205dec8318baafc27feabf3f49efe71a4444f014501465164,178470,200,1,,2026-10-06T14:11:09.862509+00:00
CACD_2026,cursocacd,discursiva_direito,https://www.cursocacd.com/_files/ugd/06e458_8aa8bc94a63a4c5c888d6aeea45cfb20.pdf,data\raw\CACD_2026\cursocacd\discursiva_direito__c1ed9512.pdf,0486cafbeb5d405790e00ca0366f01da9c0760fb89e8af704a7832acef547394,123644,200,1,,2026-10-06T14:11:11.345445+00:00
CACD_2026,cursocacd,discursiva_economia,https://www.cursocacd.com/_files/ugd/06e458_30b360d250984772a6a467179941a1ba.pdf,data\raw\CACD_2026\cursocacd\discursiva_economia__7b3de9c0.pdf,e41e68659e75b8ad9d74bb57a03d2167b31008bf7cc5fb3e343f615afd38c403,164525,200,1,,2026-10-06T14:11:12.594068+00:00
CACD_2026,cursocacd,discursiva_espanhol_frances,https://www.cursocacd.com/_files/ugd/06e458_f84eb77108354242ab428f31463cc2fe.pdf,data\raw\CACD_2026\cursocacd\discursiva_espanhol_frances__e76d7d36.pdf,092c5566e5f8b3081a3bfc1eddd586a43a806713192fcc3ffd1dc8475cb4d5f7,137289,200,1,,2026-10-06T14:11:14.054263+00:00
CACD_2026,cursocacd,discursiva_geografia,https://www.cursocacd.com/_files/ugd/06e458_e44d1fe1cc78494f86f193872c24c13d.pdf,data\raw\CACD_2026\cursocacd\discursiva_geografia__c8abda8e.pdf,881425a264d81d84bf261069d81c26785b5096ed63224918b26da50a1d86b2e7,126745,200,1,,2026-10-06T14:11:15.091929+00:00
CACD_2026,cursocacd,discursiva_historia,https://www.cursocacd.com/_files/ugd/06e458_7c7ff1e25a0147df877c6e7c927bda47.pdf,data\raw\CACD_2026\cursocacd\discursiva_historia__1e59e288.pdf,6327327cef6aeb02116f4e4089dbb3e671631d64728b5bd81001e7c326879dde,124900,200,1,,2026-10-06T14:11:16.340022+00:00
CACD_2026,cursocacd,discursiva_ingles,https://www.cursocacd.com/_files/ugd/06e458_3a1909bc7ea14c7b9f5ddcbc31b4f0d2.pdf,data\raw\CACD_2026\cursocacd\discursiva_ingles__a6b9020f.pdf,a21ec087521aecd650ef0fe48b0ba0718e0d42b4bdff054122627ac54be67cd4,106088,200,1,,2026-10-06T14:11:17.329764+00:00
CACD_2026,cursocacd,discursiva_pol_internacional,https://www.cursocacd.com/_files/ugd/06e458_c168ba9b59144721957f999f81dd0590.pdf,data\raw\CACD_2026\cursocacd\discursiva_pol_internacional__16a73e63.pdf,cd9444c8680822a2be7d220b782e29ce4b985d2a35563b9af6fcf8ade5e72da8,116323,200,1,,2026-10-06T14:11:18.953476+00:00
CACD_2026,cursocacd,discursiva_portugues,https://www.cursocacd.com/_files/ugd/06e458_6b1986bc573940f6ae9064508190b69e.pdf,data\raw\CACD_2026\cursocacd\discursiva_portugues__16c78d13.pdf,d026c310a51890435b4602e573d476f0309f936169d4a3bf53d3535588c7ca6b,163408,200,1,,2026-10-06T14:11:20.550339+00:00
CACD_2026,cursocacd,gabarito,https://www.cursocacd.com/_files/ugd/06e458_23fe2fe87b404f2ca695397f356be4f5.pdf,data\raw\CACD_2026\cursocacd\gabarito__412000e5.pdf,7cb85a20daa71780cd55b07e8b4f4aae58ff18324ebeddfd1c2f26575a062bb2,1147033,200,1,,2026-10-06T14:11:21.685302+00:00
CACD_2026,cursocacd,padrao_resposta,https://www.cursocacd.com/_files/ugd/06e458_f6296e0a9fe24b5c84d4130cde69aa61.pdf,data\raw\CACD_2026\cursocacd\padrao_resposta__d86a0150.pdf,62a031ebe7bf12c644c7fa0bfa4ada073f7fb96cfb1a94944e2fd6d128826567,759792,200,1,,2026-10-06T14:11:23.642949+00:00
CACD_2026,cursocacd,prova_objetiva_1,https://www.cursocacd.com/_files/ugd/06e458_57421ed0007d48bf9e6c4fd77238e66d.pdf,data\raw\CACD_2026\cursocacd\prova_objetiva_1__97ad52d5.pdf,1bc133b3b86b1623bf843b8a425cc937fe66998b9556a6a1e591dedfeb981f02,717256,200,1,,2026-10-06T14:11:24.967133+00:00
CACD_2026,cursocacd,prova_objetiva_2,https://www.cursocacd.com/_files/ugd/06e458_a0a224236f114aef8f3e9b860fd8e618.pdf,data\raw\CACD_2026\cursocacd\prova_objetiva_2__85f06cc7.pdf,bf9cf4e95ad66f4dd19e4cc0eab2479ae3ab9904ec7c440e2a75a35a1ff3e506,934904,200,1,,2026-10-06T14:11:26.315894+00:00
CACD_2003,mre,edital,https://www.gov.br/mre/pt-br/instituto-rio-branco/carreira-diplomatica/editas-cacd/cacd-2003/ed_2003_irbr_02-12.pdf,data\raw\CACD_2003\mre\edital__765bb751.pdf,c621c6f10afd1375706a8b0c0a4296ca63474692f50a05cd0a0f1017086003a4,7982,200,1,,2026-10-06T14:11:28.133495+00:00
CACD_2019,mre,edital,https://www.gov.br/mre/pt-br/instituto-rio-branco/carreira-diplomatica/editas-cacd/cacd-2019/edital-no-1-de-05072019-normativo.pdf,data\raw\CACD_2019\mre\edital__f5ee8d31.pdf,9cf4963c7cf8545f3899c04fcf0350ef657b0faa7dad7a499cb0391ba1d40133,1554507,200,1,,2026-10-06T14:11:33.826555+00:00
CACD_2022,mre,edital,https://www.gov.br/mre/pt-br/instituto-rio-branco/carreira-diplomatica/editas-cacd/cacd-2022/edital-no-1-de-15022022-normativo-formato-a-4.pdf,data\raw\CACD_2022\mre\edital__4a291b20.pdf,2e5ac4282c2592a5fe81cf4f3985af01d8fdea2eae466734a407fe94117a764b,324413,200,1,,2026-10-06T14:11:36.693073+00:00
CACD_2023,mre,edital,https://www.gov.br/mre/pt-br/instituto-rio-branco/carreira-diplomatica/editas-cacd/cacd-2023/edital-no-1-de-28-de-junho-de-2023-edital-de-abertura,data\raw\CACD_2023\mre\edital__049f42e4.pdf,1d05bc47864d8810550ff77561479ceb230d113fd6b01324d951b499596578a6,808208,200,1,,2026-10-06T14:11:37.690451+00:00
CACD_2005,qconcursos,gabarito,https://arquivos.qconcursos.com/prova/arquivo_gabarito/285/cespe-2005-instituto-rio-branco-diplomata-gabarito.pdf,data\raw\CACD_2005\qconcursos\gabarito__0b6a494d.pdf,080d93315ce91e7c3b7301d78ee84da21d1b5abe048f083dbae1265e20a9e0f3,23210,200,1,,2026-10-06T14:11:38.967844+00:00
CACD_2005,qconcursos,prova_objetiva_gabarito,https://arquivos.qconcursos.com/prova/arquivo_prova/285/cespe-2005-instituto-rio-branco-diplomata-prova.pdf,data\raw\CACD_2005\qconcursos\prova_objetiva_gabarito__d0ff3a25.pdf,cc781f238d6d8dbdca89a5bd3d6e052934af65a7331f437a4c5bbd083e758399,568092,200,1,,2026-10-06T14:11:44.639038+00:00
CACD_2010,qconcursos,prova_objetiva_gabarito,https://arquivos.qconcursos.com/prova/arquivo_prova/23694/cespe-2010-instituto-rio-branco-diplomata-bolsa-premio-de-vocacao-para-a-diplomacia-objetiva-prova.pdf,data\raw\CACD_2010\qconcursos\prova_objetiva_gabarito__52f0e10b.pdf,bc56afd9bd8d956fd6d29d0c614599cb1214125ea37294a7261041cda100b1c4,300109,200,1,,2026-10-06T14:11:46.293432+00:00
CACD_2011,qconcursos,prova_objetiva_gabarito,https://arquivos.qconcursos.com/prova/arquivo_prova/27951/cespe-cebraspe-2011-instituto-rio-branco-diplomata-bolsa-premio-de-vocacao-para-a-diplomacia-objetiva-prova.pdf,data\raw\CACD_2011\qconcursos\prova_objetiva_gabarito__848617ef.pdf,d0763776df56a7b9bf46e306f9aabdbd1f520342a5871bbba074ec669a54b02c,255543,200,1,,2026-10-06T14:11:47.918714+00:00
CACD_2012,qconcursos,prova_objetiva_gabarito,https://arquivos.qconcursos.com/prova/arquivo_prova/27281/cespe-2012-instituto-rio-branco-diplomata-1-etapa-prova.pdf,data\raw\CACD_2012\qconcursos\prova_objetiva_gabarito__c16fd8b4.pdf,2d7ff05f9f5fdec0b9430c2d0117a344d508b69f66b3a356af38d934abf90067,295100,200,1,,2026-10-06T14:11:49.529949+00:00
CACD_2022,qconcursos,prova_objetiva,https://arquivos.qconcursos.com/prova/arquivo_prova/88040/iades-2022-instituto-rio-branco-diplomata-tarde-prova.pdf,data\raw\CACD_2022\qconcursos\prova_objetiva__765df523.pdf,c7911cf3d3b89457fe2448ed9ff7d4cbfd9a04aee78ba755b5d6482f6c0d4918,937518,200,1,,2026-10-06T14:11:51.052312+00:00
CACD_2013,wayback,gabarito_definitivo,https://web.archive.org/web/20160804142137/http://www.cespe.unb.br/concursos/irbr_13_diplomacia/arquivos/Gab_definitivo_IRBr13_01_01.pdf,data\raw\CACD_2013\wayback\gabarito_definitivo__ce9ec363.pdf,04c8270e278b849e9bc7133fbbf08021452cb6a7a7174102a148ff1e3b3c3e27,78244,200,1,,2026-10-06T14:11:53.123385+00:00
CACD_2013,wayback,gabarito_definitivo,https://web.archive.org/web/20160804142143/http://www.cespe.unb.br/concursos/irbr_13_diplomacia/arquivos/Gab_definitivo_IRBr13_02_01.PDF,data\raw\CACD_2013\wayback\gabarito_definitivo__58397d2d.pdf,08ddd8c08b4271612dccc99ff2a4b2221c03cc31334f7668c9b06c6c601edf4e,75321,200,1,,2026-10-06T14:12:00.716959+00:00
CACD_2013,wayback,gabarito_justificativa,https://web.archive.org/web/20161020235322/http://www.cespe.unb.br/concursos/IRBR_13_DIPLOMACIA/arquivos/IRBR_2013_JUSTIFICATIVAS_DE_ALTERA____ES_DE_GABARITO.PDF,data\raw\CACD_2013\wayback\gabarito_justificativa__02344cc6.pdf,f5e4c4b76dee8f41bd557ea8582b8aeb524ca36162d1a767e73e313b8d319902,68213,200,1,,2026-10-06T14:12:03.189173+00:00
CACD_2013,wayback,gabarito_preliminar,https://web.archive.org/web/20251026212155/http://www.cespe.unb.br/concursos/IRBR_13_DIPLOMACIA/arquivos/Gab_Preliminar_IRBr13_02_01.PDF,data\raw\CACD_2013\wayback\gabarito_preliminar__4948fcc1.pdf,ad9c0cfe00c3d390932484b3febf132341a4110ad2b1a66540dfb1a88f3fd8fe,116890,200,1,,2026-10-06T14:12:05.560564+00:00
CACD_2013,wayback,prova_discursiva,https://web.archive.org/web/20170709025306/http://www.cespe.unb.br/concursos/irbr_13_diplomacia/arquivos/IRBr2F13_001_01.PDF,data\raw\CACD_2013\wayback\prova_discursiva__43a4cb2e.pdf,cddf92bb82125ac8bab9bf987d4a8442ec924719cf626f218ebba08fd6f5a12b,268437,200,1,,2026-10-06T14:12:09.120804+00:00
CACD_2013,wayback,prova_discursiva,https://web.archive.org/web/20170709025259/http://www.cespe.unb.br/concursos/irbr_13_diplomacia/arquivos/IRBr13INGLES_002_02.PDF,data\raw\CACD_2013\wayback\prova_discursiva__3391d8aa.pdf,7f412e8e3e321fd6772eacacb4ed5b0196d296d4e4a789829187c898261c940a,2006274,200,1,,2026-10-06T14:12:12.913364+00:00
CACD_2013,wayback,prova_discursiva,https://web.archive.org/web/20170709025235/http://www.cespe.unb.br/concursos/irbr_13_diplomacia/arquivos/IRBr13DIR_001_01.PDF,data\raw\CACD_2013\wayback\prova_discursiva__ec3e2894.pdf,0c2b16cb9f9fe0e890c5031b1a40e2544a35009dfed18d409cc5bc967ec1c40a,707155,200,1,,2026-10-06T14:12:19.167995+00:00
CACD_2013,wayback,prova_discursiva,https://web.archive.org/web/20170709025240/http://www.cespe.unb.br/concursos/irbr_13_diplomacia/arquivos/IRBr13ECO_002_02.PDF,data\raw\CACD_2013\wayback\prova_discursiva__749dd724.pdf,f2e6150f62b38aab4806d76c59ad516207d46bf6c568824779b602a2fbbd4ae6,745057,200,1,,2026-10-06T14:12:22.164287+00:00
CACD_2013,wayback,prova_discursiva,https://web.archive.org/web/20170709025247/http://www.cespe.unb.br/concursos/irbr_13_diplomacia/arquivos/IRBr13GEO_001_01.PDF,data\raw\CACD_2013\wayback\prova_discursiva__fd3fb645.pdf,77b20850b93110aaa6ce09b1dc88801409d2d948f526f711753a2787bdf481d0,1780345,200,1,,2026-10-06T14:12:24.848867+00:00
CACD_2013,wayback,prova_discursiva,https://web.archive.org/web/20170709025253/http://www.cespe.unb.br/concursos/irbr_13_diplomacia/arquivos/IRBr13HISTORIA_001_01.PDF,data\raw\CACD_2013\wayback\prova_discursiva__da7db1ea.pdf,aaf5b96632aa487f67fe7da14dc7ac9480020f449e42423998cd4e516fbb839d,1889423,200,1,,2026-10-06T14:12:28.725143+00:00
CACD_2013,wayback,prova_discursiva,https://web.archive.org/web/20170709041413/http://www.cespe.unb.br/concursos/irbr_13_diplomacia/arquivos/IRBr13PINT_002_02.PDF,data\raw\CACD_2013\wayback\prova_discursiva__6f36ec01.pdf,da9ae2d64daff470be36ff6fa15ec576deadd70f6a401349d1b0bc73d1609bf9,1759148,200,1,,2026-10-06T14:12:32.561201+00:00
CACD_2013,wayback,prova_discursiva,https://web.archive.org/web/20170709041420/http://www.cespe.unb.br/concursos/irbr_13_diplomacia/arquivos/IRBr13ESFR_003_03.PDF,data\raw\CACD_2013\wayback\prova_discursiva__a88743f4.pdf,a63bef174bb4596edac0c32fd0cc9cb6419d245c0052821a96954c05851c5eb5,774813,200,1,,2026-10-06T14:12:40.213599+00:00
CACD_2013,wayback,prova_objetiva,https://web.archive.org/web/20160804131751/http://www.cespe.unb.br/concursos/IRBR_13_DIPLOMACIA/arquivos/IRBr13_01_01.PDF,data\raw\CACD_2013\wayback\prova_objetiva__286a3443.pdf,6a8d53aa4fe4aae9769c41afc8fc6f1713699e0a9c1d9d7127e916aaad619155,360042,200,1,,2026-10-06T14:12:45.603013+00:00
CACD_2013,wayback,prova_objetiva,https://web.archive.org/web/20160804152423/http://www.cespe.unb.br/concursos/IRBR_13_DIPLOMACIA/arquivos/IRBr13_02_01.PDF,data\raw\CACD_2013\wayback\prova_objetiva__02b43020.pdf,b8534888bb378992f6616b09b8da753d01cc7e09dc034367d2d3224e8a64e8dc,380109,200,1,,2026-10-06T14:12:48.525700+00:00
CACD_2014,wayback,gabarito_definitivo,https://web.archive.org/web/20140611212749/http://www.cespe.unb.br/concursos/IRBR_14_DIPLOMACIA/arquivos/Gab_Definitivo_IRBR14DIPL_001_01.PDF,data\raw\CACD_2014\wayback\gabarito_definitivo__b5c354ce.pdf,25b6adf30b4f7b015c1a0cb79b69375406df3e23270b85f94dabffcd65228171,86030,200,1,,2026-10-06T14:12:52.182597+00:00
CACD_2014,wayback,gabarito_definitivo,https://web.archive.org/web/20140611213101/http://www.cespe.unb.br/concursos/IRBR_14_DIPLOMACIA/arquivos/Gab_Definitivo_IRBR14DIPL_002_06.PDF,data\raw\CACD_2014\wayback\gabarito_definitivo__ae48be6a.pdf,969d3df3a4df89442c76985e54251018aeb652b8a012ced5326ccc2d07ca47bd,87129,200,1,,2026-10-06T14:12:54.379995+00:00
CACD_2014,wayback,gabarito_preliminar,https://web.archive.org/web/20240807204047/http://www.cespe.unb.br/concursos/IRBR_14_DIPLOMACIA/arquivos/Gab_Preliminar_095IRBr14ESFR_003_03.PDF,data\raw\CACD_2014\wayback\gabarito_preliminar__bff1efc6.pdf,608c2ab4a6f05e048ba008c4b58c1e89f7c726d2765ab61386470ef5a413ff66,23970,200,1,,2026-10-06T14:12:56.942652+00:00
CACD_2014,wayback,prova_discursiva,https://web.archive.org/web/20140611212708/http://www.cespe.unb.br/concursos/IRBR_14_DIPLOMACIA/arquivos/095IRBr14DIR_001_01.pdf,data\raw\CACD_2014\wayback\prova_discursiva__4291eb27.pdf,c7239a53c954c0a0bcdc9a179fc0574bf9b80f4a0524237f99b1df4313d3fbb2,1195850,200,1,,2026-10-06T14:12:58.883335+00:00
CACD_2014,wayback,prova_discursiva,https://web.archive.org/web/20140611212713/http://www.cespe.unb.br/concursos/IRBR_14_DIPLOMACIA/arquivos/095IRBr14ECO_002_02.pdf,data\raw\CACD_2014\wayback\prova_discursiva__eac22c1e.pdf,48c65fbeff29b14fd3fd463780ee52411bd73f7d56ba86b2f26c6ce7d9415a07,1149157,200,1,,2026-10-06T14:13:04.313741+00:00
CACD_2014,wayback,prova_discursiva,https://web.archive.org/web/20140611212721/http://www.cespe.unb.br/concursos/IRBR_14_DIPLOMACIA/arquivos/095IRBr14ESFR_003_03.pdf,data\raw\CACD_2014\wayback\prova_discursiva__44ad0ef2.pdf,5fb774755a74b112bab5e1478947fa2068abeaf62f84595cc7f83801dfcbee75,2801830,200,1,,2026-10-06T14:13:08.915066+00:00
CACD_2014,wayback,prova_discursiva,https://web.archive.org/web/20150908191024/http://www.cespe.unb.br/concursos/IRBR_14_DIPLOMACIA/arquivos/IRBr14GPI_002_02.pdf,data\raw\CACD_2014\wayback\prova_discursiva__cb0a23bf.pdf,aef09d923cfcad23a6db0bcb6f689a45efaa099c25875303528b39befa31b0a1,2514281,200,1,,2026-10-06T14:13:15.300277+00:00
CACD_2014,wayback,prova_discursiva,https://web.archive.org/web/20140611213314/http://www.cespe.unb.br/concursos/IRBR_14_DIPLOMACIA/arquivos/IRBr14HIS_002_02.pdf,data\raw\CACD_2014\wayback\prova_discursiva__1523617e.pdf,1999d505c32f75c0f6acac23502b339bbb9e56a0923442bbb216ddb27529911a,632091,200,1,,2026-10-06T14:13:21.391500+00:00
CACD_2014,wayback,prova_discursiva,https://web.archive.org/web/20170108151940/http://www.cespe.unb.br/concursos/IRBR_14_DIPLOMACIA/arquivos/IRBr14LI_001_01.pdf,data\raw\CACD_2014\wayback\prova_discursiva__83e22cb5.pdf,5d712b5a00a107c751ed690564e096652e84bc439d2ab58a9b2eea44b175b37f,1419564,200,1,,2026-10-06T14:13:24.095531+00:00
CACD_2014,wayback,prova_discursiva,https://web.archive.org/web/20140611213411/http://www.cespe.unb.br/concursos/IRBR_14_DIPLOMACIA/arquivos/IRBr14LP_001_01.pdf,data\raw\CACD_2014\wayback\prova_discursiva__24efccf9.pdf,86246c37a6832d9b6d007a4cb16e62273fba13876f87bad456920ba5577c22fd,532268,200,1,,2026-10-06T14:13:27.412004+00:00
CACD_2014,wayback,prova_objetiva,https://web.archive.org/web/20140611213105/http://www.cespe.unb.br/concursos/IRBR_14_DIPLOMACIA/arquivos/IRBR14DIPL_001_01.pdf,data\raw\CACD_2014\wayback\prova_objetiva__e41b3fed.pdf,69bfb14c7255e50fa928fab64f0c050f39c720a6f8a884b08700f2b81325f534,300725,200,1,,2026-10-06T14:13:33.199326+00:00
CACD_2014,wayback,prova_objetiva,https://web.archive.org/web/20140611213110/http://www.cespe.unb.br/concursos/IRBR_14_DIPLOMACIA/arquivos/IRBR14DIPL_002_06.pdf,data\raw\CACD_2014\wayback\prova_objetiva__87281e21.pdf,4054f37012c3c368afa71a29e39431068c0e0db7c4dab9fd89db5940083a5b7a,293305,200,1,,2026-10-06T14:13:35.456277+00:00
CACD_2015,wayback,gabarito_definitivo,https://web.archive.org/web/20160804145914/http://www.cespe.unb.br/concursos/irbr_15_diplomacia/arquivos/Gab_Definitivo_154IRBRDIPLOMATA2015_001_01.PDF,data\raw\CACD_2015\wayback\gabarito_definitivo__3cea2e6a.pdf,d2aaed5f5f0804c311aa3f529dd3274ed7de1655a636541901a799089f8194c0,57011,200,1,,2026-10-06T14:13:38.344131+00:00
CACD_2015,wayback,gabarito_definitivo,https://web.archive.org/web/20160309122755/http://www.cespe.unb.br/concursos/irbr_15_diplomacia/arquivos/Gab_Definitivo_154IRBRDIPLOMATA2015_001_04.PDF,data\raw\CACD_2015\wayback\gabarito_definitivo__6d25c83b.pdf,16716c2a7fdbf81881da7ba2bdaa3d4c41fe8a4fcecf20fa7742d1b4b0261ff2,57002,200,1,,2026-10-06T14:13:40.488836+00:00
CACD_2015,wayback,gabarito_definitivo,https://web.archive.org/web/20160309122629/http://www.cespe.unb.br/concursos/irbr_15_diplomacia/arquivos/Gab_Definitivo_154IRBRDIPLOMATA2015_001_05.PDF,data\raw\CACD_2015\wayback\gabarito_definitivo__2187d34f.pdf,6a0ba8339501a6b7d7e14c00801887821c942c01754cf5f72761ad74c9a449a5,48209,200,1,,2026-10-06T14:13:42.542371+00:00
CACD_2015,wayback,gabarito_definitivo,https://web.archive.org/web/20160309122800/http://www.cespe.unb.br/concursos/irbr_15_diplomacia/arquivos/Gab_Definitivo_154IRBRDIPLOMATA2015_001_08.PDF,data\raw\CACD_2015\wayback\gabarito_definitivo__b7878ef2.pdf,18cac5de4778d7686ca4e86f366d78e5cbd05c09e4b4d80de3172cd4dad1964c,48205,200,1,,2026-10-06T14:13:44.596471+00:00
CACD_2015,wayback,gabarito_justificativa,https://web.archive.org/web/20160309122811/http://www.cespe.unb.br/concursos/irbr_15_diplomacia/arquivos/IRBR_15_DIPLOMATA_JUSTIFIVATIVAS_DE_ALTERA____O_DE_GABARITO.PDF,data\raw\CACD_2015\wayback\gabarito_justificativa__88a7fa25.pdf,6cf102c5d483233b558cc553e0ce1ee4e5264a5c09f73e09a904abfb4b43b8af,103291,200,1,,2026-10-06T14:13:47.107311+00:00
CACD_2015,wayback,prova_discursiva,https://web.archive.org/web/20151211024712/http://www.cespe.unb.br/concursos/IRBR_15_DIPLOMACIA/arquivos/179IRBRDIPLOMATA2015_DISC_01.pdf,data\raw\CACD_2015\wayback\prova_discursiva__eeee2fa6.pdf,c11cf76381ef394571a26c1ab3da08a71e30d60aa02a66f330d432144bd26dde,203056,200,1,,2026-10-06T14:13:49.979911+00:00
CACD_2015,wayback,prova_discursiva,https://web.archive.org/web/20160222001538/http://www.cespe.unb.br/concursos/IRBR_15_DIPLOMACIA/arquivos/181IRBRDIPL3aFASE_001LI_01.pdf,data\raw\CACD_2015\wayback\prova_discursiva__a76fb427.pdf,120d38a7ed48134e42343349edfd3ea34080c3dc09ef4aea77e594799be01207,169522,200,1,,2026-10-06T14:13:52.795854+00:00
CACD_2015,wayback,prova_discursiva,https://web.archive.org/web/20160309122716/http://www.cespe.unb.br/concursos/irbr_15_diplomacia/arquivos/181IRBRDIPL3aFASE_002HB_01.pdf,data\raw\CACD_2015\wayback\prova_discursiva__387cbdf8.pdf,137afd792ebb9df2890ba75642e19f719ece9af1516d2793be20269c1552b4ec,134603,200,1,,2026-10-06T14:13:55.978949+00:00
CACD_2015,wayback,prova_discursiva,https://web.archive.org/web/20160222001538/http://www.cespe.unb.br/concursos/IRBR_15_DIPLOMACIA/arquivos/181IRBRDIPL3aFASE_003PIG_01.pdf,data\raw\CACD_2015\wayback\prova_discursiva__8ceb76f4.pdf,60c6db7ca557480c3a57e740514651832fe13a21ec419d1bf0f8261bcfb259c9,167123,200,1,,2026-10-06T14:13:58.615914+00:00
CACD_2015,wayback,prova_discursiva,https://web.archive.org/web/20160309122722/http://www.cespe.unb.br/concursos/irbr_15_diplomacia/arquivos/181IRBRDIPL3aFASE_004NE_01.pdf,data\raw\CACD_2015\wayback\prova_discursiva__bcbe88d9.pdf,dc49da6855c82c2288ad58060e62d21e49836247a06b842edb9e08a2146e4436,212937,200,1,,2026-10-06T14:14:02.022925+00:00
CACD_2015,wayback,prova_discursiva,https://web.archive.org/web/20160309122521/http://www.cespe.unb.br/concursos/irbr_15_diplomacia/arquivos/181IRBRDIPL3aFASE_005NDDIP_01.pdf,data\raw\CACD_2015\wayback\prova_discursiva__47638705.pdf,7778b3cb3d17c189dad64be20453a87bf39f5a54650caf87e558619abbbb61c9,49270,200,1,,2026-10-06T14:14:04.511096+00:00
CACD_2015,wayback,prova_discursiva,https://web.archive.org/web/20160309122527/http://www.cespe.unb.br/concursos/irbr_15_diplomacia/arquivos/181IRBRDIPL3aFASE_006LELF_01.pdf,data\raw\CACD_2015\wayback\prova_discursiva__294ac878.pdf,64035ec2434b21323ff1554c575778c0e2400ffa8465b6b4307028600de44620,136559,200,1,,2026-10-06T14:14:07.595816+00:00
CACD_2015,wayback,prova_objetiva,https://web.archive.org/web/20160222001522/http://www.cespe.unb.br/concursos/IRBR_15_DIPLOMACIA/arquivos/154IRBRDIPLOMATA2015_001_01.PDF,data\raw\CACD_2015\wayback\prova_objetiva__3bf18603.pdf,39e077a664009c5efbd00763a02213fe18d888b997ed54c6521339aba706d208,134601,200,1,,2026-10-06T14:14:10.380247+00:00
CACD_2015,wayback,prova_objetiva,https://web.archive.org/web/20160309122505/http://www.cespe.unb.br/concursos/irbr_15_diplomacia/arquivos/154IRBRDIPLOMATA2015_001_04.PDF,data\raw\CACD_2015\wayback\prova_objetiva__db008afe.pdf,3c310a45c30e5097d2d6a33a8d003c10abae411ff8fc7e35e558a33b5fad6f74,166390,200,1,,2026-10-06T14:14:13.387705+00:00
CACD_2015,wayback,prova_objetiva,https://web.archive.org/web/20160222001529/http://www.cespe.unb.br/concursos/IRBR_15_DIPLOMACIA/arquivos/154IRBRDIPLOMATA2015_001_05.PDF,data\raw\CACD_2015\wayback\prova_objetiva__e340d825.pdf,8da3e3e13bf683843a87fb23600944d4b3e80ed524d63f05a56c0fd16bb43851,266081,200,1,,2026-10-06T14:14:16.740963+00:00
CACD_2015,wayback,prova_objetiva,https://web.archive.org/web/20160309122511/http://www.cespe.unb.br/concursos/irbr_15_diplomacia/arquivos/154IRBRDIPLOMATA2015_001_08.PDF,data\raw\CACD_2015\wayback\prova_objetiva__d807a564.pdf,fc08d282300dd941d9be43395ec1c642069806c11f0bd919d252290e13e0899d,175496,200,1,,2026-10-06T14:14:19.250321+00:00
CACD_2016,wayback,gabarito_definitivo,https://web.archive.org/web/20161122181144/http://www.cespe.unb.br/concursos/irbr_16_diplomacia/arquivos/Gab_Definitivo_263_IRBR_DIPL_1F_001_01.PDF,data\raw\CACD_2016\wayback\gabarito_definitivo__5ab2eecd.pdf,51f70be1dc8a34741b3c0525e79e5233dacfff45d51911808c813585910c9612,56389,200,1,,2026-10-06T14:14:21.622392+00:00
CACD_2016,wayback,gabarito_definitivo,https://web.archive.org/web/20161122181149/http://www.cespe.unb.br/concursos/irbr_16_diplomacia/arquivos/Gab_Definitivo_263_IRBR_DIPL_1F_002_01.PDF,data\raw\CACD_2016\wayback\gabarito_definitivo__563aa297.pdf,9c55a44d5edb689d863d15aa3969819b372ea64c9f3e1b1cb195b5cd03c2a4d3,70301,200,1,,2026-10-06T14:14:24.102274+00:00
CACD_2016,wayback,gabarito_definitivo,https://web.archive.org/web/20161122181154/http://www.cespe.unb.br/concursos/irbr_16_diplomacia/arquivos/Gab_Definitivo_267_IRBR_002_01.PDF,data\raw\CACD_2016\wayback\gabarito_definitivo__bf5223a1.pdf,55f5b0ea1bf09de67dde6067c7de7114e57acc9e3facb4527ffadeb2e8db9db3,56634,200,1,,2026-10-06T14:14:26.101954+00:00
CACD_2016,wayback,gabarito_preliminar,https://web.archive.org/web/20160823204100/http://www.cespe.unb.br/concursos/irbr_16_diplomacia/arquivos/Gab_Preliminar_263_IRBR_DIPL_1F_001_01.PDF,data\raw\CACD_2016\wayback\gabarito_preliminar__b3ac6a0a.pdf,532502a4eb4a061149b25f18e9e5efc95ff16c1f62c5d4320a813cf5ec7b83e2,56345,200,1,,2026-10-06T14:14:28.570809+00:00
CACD_2016,wayback,gabarito_preliminar,https://web.archive.org/web/20160823204105/http://www.cespe.unb.br/concursos/irbr_16_diplomacia/arquivos/Gab_Preliminar_263_IRBR_DIPL_1F_002_01.PDF,data\raw\CACD_2016\wayback\gabarito_preliminar__37079eb2.pdf,61c033a8e422cfdcafeb1dce5e023e92ee5da73499ecef7615d3674b8539030a,70268,200,1,,2026-10-06T14:14:32.524082+00:00
CACD_2016,wayback,prova_discursiva,https://web.archive.org/web/20161122181028/http://www.cespe.unb.br/concursos/irbr_16_diplomacia/arquivos/264_IRBR_DISC_001_01.PDF,data\raw\CACD_2016\wayback\prova_discursiva__b19f1e84.pdf,9caf91dbaa38dfb98b360fc175e50833106226a24e9613a8d97bb1d680c608ab,71319,200,1,,2026-10-06T14:14:36.926101+00:00
CACD_2016,wayback,prova_discursiva,https://web.archive.org/web/20161122181033/http://www.cespe.unb.br/concursos/irbr_16_diplomacia/arquivos/265_IRBR_DISC_001_01.PDF,data\raw\CACD_2016\wayback\prova_discursiva__0ebe0604.pdf,96b72e6ae5d221e9aeb8f50240904c27ed3950f3bfef2dee36b016948e6c1c1c,76572,200,1,,2026-10-06T14:14:39.271768+00:00
CACD_2016,wayback,prova_discursiva,https://web.archive.org/web/20161122181043/http://www.cespe.unb.br/concursos/irbr_16_diplomacia/arquivos/265_IRBR_DISC_001_01.PDF,data\raw\CACD_2016\wayback\prova_discursiva__ad65047c.pdf,96b72e6ae5d221e9aeb8f50240904c27ed3950f3bfef2dee36b016948e6c1c1c,76572,200,1,,2026-10-06T14:14:41.497084+00:00
CACD_2016,wayback,prova_discursiva,https://web.archive.org/web/20161122181058/http://www.cespe.unb.br/concursos/irbr_16_diplomacia/arquivos/267_IRBR_DISC_001_01.PDF,data\raw\CACD_2016\wayback\prova_discursiva__1b638b4e.pdf,8652a1400d874fbf6602b6bd561fcd14c8558f74d9980734382065195070e6ac,78493,200,1,,2026-10-06T14:14:45.664288+00:00
CACD_2016,wayback,prova_objetiva,https://web.archive.org/web/20160910010911/http://www.cespe.unb.br/concursos/IRBR_16_DIPLOMACIA/arquivos/263_IRBR_DIPL_1F_001_01.PDF,data\raw\CACD_2016\wayback\prova_objetiva__540070ba.pdf,9d90dbdabee149617994d3b8e1dbe45de1234e9974c6f6943d5dc2e2964e870f,120622,200,1,,2026-10-06T14:14:48.158899+00:00
CACD_2016,wayback,prova_objetiva,https://web.archive.org/web/20160910080705/http://www.cespe.unb.br/concursos/IRBR_16_DIPLOMACIA/arquivos/263_IRBR_DIPL_1F_002_01.PDF,data\raw\CACD_2016\wayback\prova_objetiva__d01472d0.pdf,71996ccc11339152795948955aa782e2ad2164badd9453dcb58ae8185cecb7cc,121533,200,1,,2026-10-06T14:14:50.774287+00:00
CACD_2017,wayback,gabarito_preliminar,https://web.archive.org/web/20170922001434/http://www.cespe.unb.br/concursos/irbr_17_diplomacia/arquivos/Gab_Preliminar_327_IRBR_001_01.PDF,data\raw\CACD_2017\wayback\gabarito_preliminar__4af8d8f9.pdf,d39322e746f576d89628c1d792aa41d96450ccfb21d6a822f3834ab27bda5b20,58212,200,1,,2026-10-06T14:14:53.344047+00:00
CACD_2017,wayback,gabarito_preliminar,https://web.archive.org/web/20170822003843/http://www.cespe.unb.br/concursos/irbr_17_diplomacia/arquivos/Gab_Preliminar_327_IRBR_002_01.PDF,data\raw\CACD_2017\wayback\gabarito_preliminar__152e1ad9.pdf,98aeecaf4db6842a83d178a7d8b06eaf64dcc3e7174aa44b64b5324e4dc8364e,58968,200,1,,2026-10-06T14:14:55.942156+00:00
CACD_2018,wayback,prova_discursiva,https://web.archive.org/web/20211130052442/http://www.cespe.unb.br/concursos/irbr_18_diplomacia/arquivos/417_IRBR_DISC_001_01.PDF,data\raw\CACD_2018\wayback\prova_discursiva__5438089b.pdf,9b593458463834e94a4337622854000627278928c326a2eeebb7e1d24475228e,87013,200,1,,2026-10-06T14:14:58.604968+00:00
CACD_2018,wayback,prova_discursiva,https://web.archive.org/web/20211130053033/http://www.cespe.unb.br/concursos/irbr_18_diplomacia/arquivos/417_IRBR_DISC_002_01.PDF,data\raw\CACD_2018\wayback\prova_discursiva__a8c66264.pdf,c771e68fa48419bdea9bf393ff5933875895dcd2ea76e7ab4ac7f7546a072802,82508,200,1,,2026-10-06T14:15:00.974394+00:00
CACD_2018,wayback,prova_discursiva,https://web.archive.org/web/20221016013203/http://www.cespe.unb.br/concursos/irbr_18_diplomacia/arquivos/417_IRBR_DISC_003_01.PDF,data\raw\CACD_2018\wayback\prova_discursiva__2c64377f.pdf,cdb3f705b311e7aba31cd5ff181a9a6e95f636b07f365585dc62032beb528ea4,80626,200,1,,2026-10-06T14:15:03.313809+00:00
CACD_2018,wayback,prova_discursiva,https://web.archive.org/web/20211130053953/http://www.cespe.unb.br/concursos/irbr_18_diplomacia/arquivos/417_IRBR_DISC_004_01.PDF,data\raw\CACD_2018\wayback\prova_discursiva__91d833e3.pdf,0bb2ad764989413a1422b6861b4e4c3ccb3358893a1218c0493ba8320c97a958,82531,200,1,,2026-10-06T14:15:05.769773+00:00
CACD_2018,wayback,prova_discursiva,https://web.archive.org/web/20221016005129/http://www.cespe.unb.br/concursos/irbr_18_diplomacia/arquivos/417_IRBR_DISC_005_01.PDF,data\raw\CACD_2018\wayback\prova_discursiva__21cde616.pdf,6771bae0b3c5ab69ca28721e6e3596e520c8462b56c5aa557b4cd9726b1db900,67000,200,1,,2026-10-06T14:15:08.700242+00:00
CACD_2018,wayback,prova_discursiva,https://web.archive.org/web/20211130054652/http://www.cespe.unb.br/concursos/irbr_18_diplomacia/arquivos/417_IRBR_DISC_006_01.PDF,data\raw\CACD_2018\wayback\prova_discursiva__927d3060.pdf,e851d2d8163f76bfe30ea1ab58a65a9e430f765e678b33971a88975f51ccddd7,107122,200,1,,2026-10-06T14:15:11.258690+00:00
